,issue_id,project_full_name,created_at,html_url,api_url,issue_title
0,352750519,rails/rails,2018-08-21T23:48:12Z,https://github.com/rails/rails/issues/33677,https://api.github.com/repos/rails/rails/issues/33677,Replace use of whitelist with allowlist and blacklist with denylist
1,503451343,ruby-i18n/i18n,2019-10-07T13:25:51Z,https://github.com/ruby-i18n/i18n/pull/492,https://api.github.com/repos/ruby-i18n/i18n/issues/492,Replace custom module for refinements with Gorilla Patch gem
2,305814776,sparklemotion/nokogiri,2018-03-16T06:22:07Z,https://github.com/sparklemotion/nokogiri/issues/1736,https://api.github.com/repos/sparklemotion/nokogiri/issues/1736,NOKIGIRI IS HARD PLEZ HELP 
3,286791320,sparklemotion/nokogiri,2018-01-08T15:54:00Z,https://github.com/sparklemotion/nokogiri/issues/1709,https://api.github.com/repos/sparklemotion/nokogiri/issues/1709,Make nokogiri compatible to ruby 2.5 on Windows
4,732267627,FreeRADIUS/freeradius-server,2020-10-29T12:22:22Z,https://github.com/FreeRADIUS/freeradius-server/pull/3710,https://api.github.com/repos/FreeRADIUS/freeradius-server/issues/3710,update debian/ubuntu systemd service
5,569316203,jekyll/jekyll,2020-02-22T10:38:44Z,https://github.com/jekyll/jekyll/issues/8019,https://api.github.com/repos/jekyll/jekyll/issues/8019,feat: Allow custom file extensions
6,393681341,jekyll/jekyll,2018-12-22T15:23:14Z,https://github.com/jekyll/jekyll/issues/7432,https://api.github.com/repos/jekyll/jekyll/issues/7432,docs: Add a theme step to Step by Step Tutorial
7,316610337,jekyll/jekyll,2018-04-22T20:25:31Z,https://github.com/jekyll/jekyll/issues/6948,https://api.github.com/repos/jekyll/jekyll/issues/6948,Jekyll 4.0 Ideas
8,304422453,jekyll/jekyll,2018-03-12T15:34:02Z,https://github.com/jekyll/jekyll/issues/6844,https://api.github.com/repos/jekyll/jekyll/issues/6844,Twig syntax highlighting broken
9,340595516,mojolicious/mojo,2018-07-12T11:19:18Z,https://github.com/mojolicious/mojo/issues/1238,https://api.github.com/repos/mojolicious/mojo/issues/1238,"delay helper is DEPRECATED, but no transition options are given"
10,340189202,mojolicious/mojo,2018-07-11T10:47:31Z,https://github.com/mojolicious/mojo/issues/1236,https://api.github.com/repos/mojolicious/mojo/issues/1236,Mojo::File::spurt: Wide character in syswrite
11,333693227,jasmine/jasmine,2018-06-19T14:18:37Z,https://github.com/jasmine/jasmine/issues/1570,https://api.github.com/repos/jasmine/jasmine/issues/1570,Karma + Jasmine infinite freezing
12,249811390,gitextensions/gitextensions,2017-08-12T13:11:55Z,https://github.com/gitextensions/gitextensions/pull/3898,https://api.github.com/repos/gitextensions/gitextensions/issues/3898,Mocking static dependencies
13,318673916,rack/rack,2018-04-28T22:41:04Z,https://github.com/rack/rack/pull/1272,https://api.github.com/repos/rack/rack/issues/1272,Add WebSocket and SSE options
14,608513361,chef/ohai,2020-04-28T18:10:10Z,https://github.com/chef/ohai/issues/1458,https://api.github.com/repos/chef/ohai/issues/1458,Stop using whitelist / backlist terms
15,1156931157,rubygems/rubygems.org,2022-03-02T09:47:25Z,https://github.com/rubygems/rubygems.org/issues/2977,https://api.github.com/repos/rubygems/rubygems.org/issues/2977,Please support Ukraine üá∫üá¶
16,13258430,capistrano/capistrano,2013-04-16T17:39:09Z,https://github.com/capistrano/capistrano/issues/440,https://api.github.com/repos/capistrano/capistrano/issues/440,"reading the variable ""latest_release"" before ""deploy"" task happens makes capistrano BREAK"
17,488965754,django-extensions/django-extensions,2019-09-04T06:23:48Z,https://github.com/django-extensions/django-extensions/issues/1414,https://api.github.com/repos/django-extensions/django-extensions/issues/1414,why can i meet this question? How can i do to solve it?
18,1527268155,celery/celery,2023-01-10T11:59:48Z,https://github.com/celery/celery/issues/8000,https://api.github.com/repos/celery/celery/issues/8000,Celery sucks!
19,613337048,apache/couchdb,2020-05-06T13:51:40Z,https://github.com/apache/couchdb/issues/2873,https://api.github.com/repos/apache/couchdb/issues/2873,Add support for authentication/authorization using cookies containing JWTs
20,869840472,GoldenCheetah/GoldenCheetah,2021-04-28T11:28:04Z,https://github.com/GoldenCheetah/GoldenCheetah/issues/3879,https://api.github.com/repos/GoldenCheetah/GoldenCheetah/issues/3879,Estimate Power and resulting Normalised Power
21,548445007,GoldenCheetah/GoldenCheetah,2020-01-11T15:47:22Z,https://github.com/GoldenCheetah/GoldenCheetah/issues/3292,https://api.github.com/repos/GoldenCheetah/GoldenCheetah/issues/3292,Strava Sync funktioniert nicht
22,540979735,GoldenCheetah/GoldenCheetah,2019-12-20T12:50:02Z,https://github.com/GoldenCheetah/GoldenCheetah/issues/3269,https://api.github.com/repos/GoldenCheetah/GoldenCheetah/issues/3269,V3.5-RC2X TSS edit.
23,814421264,expressjs/express,2021-02-23T12:31:48Z,https://github.com/expressjs/express/issues/4535,https://api.github.com/repos/expressjs/express/issues/4535,Node.js 15+ starts recommending promise based versions by default - Express 5.0 and wrapAsync
24,577744765,expressjs/express,2020-03-09T08:47:07Z,https://github.com/expressjs/express/pull/4210,https://api.github.com/repos/expressjs/express/issues/4210,doc: add section for project captains
25,907232677,zeromq/libzmq,2021-05-31T08:24:44Z,https://github.com/zeromq/libzmq/pull/4202,https://api.github.com/repos/zeromq/libzmq/issues/4202,"If OPENPGM_FOUND is set, link to libpgm."
26,1616936787,ohmyzsh/ohmyzsh,2023-03-09T10:46:27Z,https://github.com/ohmyzsh/ohmyzsh/issues/11552,https://api.github.com/repos/ohmyzsh/ohmyzsh/issues/11552,Red-Prompt on new line instead of replacing green one?
27,436467857,gradle/gradle,2019-04-24T02:28:30Z,https://github.com/gradle/gradle/issues/9203,https://api.github.com/repos/gradle/gradle/issues/9203,[WARNING: RANT] initial value of properties of boxed primitive types
28,339498894,gradle/gradle,2018-07-09T15:29:20Z,https://github.com/gradle/gradle/issues/5911,https://api.github.com/repos/gradle/gradle/issues/5911,storage OOM not proper handled by gradle 
29,340715954,npm/npm,2018-07-12T16:43:58Z,https://github.com/npm/npm/issues/21206,https://api.github.com/repos/npm/npm/issues/21206,Feature Request: npm install Should Only Install Exact Versions Unless Explicitly Overridden
30,340599374,npm/npm,2018-07-12T11:32:55Z,https://github.com/npm/npm/issues/21202,https://api.github.com/repos/npm/npm/issues/21202,ESLint-scope 3.7.2 has been hacked
31,327130542,npm/npm,2018-05-28T23:07:45Z,https://github.com/npm/npm/issues/20791,https://api.github.com/repos/npm/npm/issues/20791,ERR! 418 I'm a teapot (this is not a joke)
32,326712539,npm/npm,2018-05-26T05:44:58Z,https://github.com/npm/npm/issues/20769,https://api.github.com/repos/npm/npm/issues/20769,"using --no-optional, but optionalDep still affect the version of packages"
33,299453048,npm/npm,2018-02-22T18:06:29Z,https://github.com/npm/npm/issues/19890,https://api.github.com/repos/npm/npm/issues/19890,Please issue a CVE and mark 5.7.0 as vulnerable
34,232455334,npm/npm,2017-05-31T05:12:28Z,https://github.com/npm/npm/issues/16813,https://api.github.com/repos/npm/npm/issues/16813,npm 5 does not preserve range when updates package.json
35,102234932,npm/npm,2015-08-20T20:54:19Z,https://github.com/npm/npm/issues/9359,https://api.github.com/repos/npm/npm/issues/9359,umask setting is ignored for some directories
36,8815842,npm/npm,2012-11-29T15:39:54Z,https://github.com/npm/npm/issues/2974,https://api.github.com/repos/npm/npm/issues/2974,Allow subdirectories within git repos in npm install 
37,963088392,PyCQA/pycodestyle,2021-08-06T22:49:24Z,https://github.com/PyCQA/pycodestyle/issues/1009,https://api.github.com/repos/PyCQA/pycodestyle/issues/1009,E722 considered harmful
38,271165698,PyCQA/pycodestyle,2017-11-04T04:28:42Z,https://github.com/PyCQA/pycodestyle/issues/703,https://api.github.com/repos/PyCQA/pycodestyle/issues/703,E722: (bare excepts) too strict (reraise)
39,549848681,tpope/vim-fugitive,2020-01-14T22:12:33Z,https://github.com/tpope/vim-fugitive/issues/1432,https://api.github.com/repos/tpope/vim-fugitive/issues/1432,Windows gVim :Gwrite symlinked files
40,1100051808,restsharp/RestSharp,2022-01-12T08:52:16Z,https://github.com/restsharp/RestSharp/issues/1696,https://api.github.com/repos/restsharp/RestSharp/issues/1696,IRestClient interface
41,639068210,openzfs/zfs,2020-06-15T18:57:36Z,https://github.com/openzfs/zfs/issues/10459,https://api.github.com/repos/openzfs/zfs/issues/10459,request: to stop locking comment sections
42,639051823,openzfs/zfs,2020-06-15T18:27:25Z,https://github.com/openzfs/zfs/pull/10457,https://api.github.com/repos/openzfs/zfs/issues/10457,remove refences to blacklist/whitelist
43,638768339,openzfs/zfs,2020-06-15T11:17:13Z,https://github.com/openzfs/zfs/pull/10455,https://api.github.com/repos/openzfs/zfs/issues/10455,Racist code refactoring
44,638643486,openzfs/zfs,2020-06-15T08:19:17Z,https://github.com/openzfs/zfs/pull/10454,https://api.github.com/repos/openzfs/zfs/issues/10454,This PR should be understand as a protest
45,636440138,openzfs/zfs,2020-06-10T17:55:21Z,https://github.com/openzfs/zfs/pull/10435,https://api.github.com/repos/openzfs/zfs/issues/10435,Remove unnecessary references to slavery
46,397574283,openzfs/zfs,2019-01-09T21:42:37Z,https://github.com/openzfs/zfs/issues/8259,https://api.github.com/repos/openzfs/zfs/issues/8259,"Linux 5.0: _kernel_fpu{begin,end} no longer exported"
47,397487623,openzfs/zfs,2019-01-09T17:59:22Z,https://github.com/openzfs/zfs/issues/8258,https://api.github.com/repos/openzfs/zfs/issues/8258,Linux 5.0: implicit declaration of function current_kernel_time64
48,397129620,openzfs/zfs,2019-01-08T22:52:05Z,https://github.com/openzfs/zfs/pull/8255,https://api.github.com/repos/openzfs/zfs/issues/8255,Add TRIM support - replaces #5925 and #7363
49,364146679,openzfs/zfs,2018-09-26T18:04:06Z,https://github.com/openzfs/zfs/issues/7960,https://api.github.com/repos/openzfs/zfs/issues/7960,Can't compile: error: assignment of member ‚Äòname‚Äô in read-only object
50,356609376,openzfs/zfs,2018-09-03T22:45:46Z,https://github.com/openzfs/zfs/issues/7861,https://api.github.com/repos/openzfs/zfs/issues/7861,Trying to build the 'zhack' disable feature commit from a few years ago
51,312114336,openzfs/zfs,2018-04-06T20:53:19Z,https://github.com/openzfs/zfs/issues/7401,https://api.github.com/repos/openzfs/zfs/issues/7401,Unlistable and disappearing files
52,298311894,openzfs/zfs,2018-02-19T15:18:41Z,https://github.com/openzfs/zfs/pull/7194,https://api.github.com/repos/openzfs/zfs/issues/7194,use the encryptionroot property to load keys
53,40463575,openzfs/zfs,2014-08-18T07:56:21Z,https://github.com/openzfs/zfs/issues/2611,https://api.github.com/repos/openzfs/zfs/issues/2611,rsync and txg_sync blocked for more than 120 seconds
54,544017763,jashkenas/coffeescript,2019-12-30T21:32:10Z,https://github.com/jashkenas/coffeescript/issues/5280,https://api.github.com/repos/jashkenas/coffeescript/issues/5280,BUG [exp]: => 
55,315863357,dokuwiki/dokuwiki,2018-04-19T12:51:42Z,https://github.com/dokuwiki/dokuwiki/issues/2321,https://api.github.com/repos/dokuwiki/dokuwiki/issues/2321,GDPR
56,985447779,symfony/symfony,2021-09-01T18:09:25Z,https://github.com/symfony/symfony/issues/42833,https://api.github.com/repos/symfony/symfony/issues/42833,Service Containers don't work according to the documentation
57,851350444,symfony/symfony,2021-04-06T11:56:40Z,https://github.com/symfony/symfony/issues/40714,https://api.github.com/repos/symfony/symfony/issues/40714,twig-bundle BC-break from 4.3 to 4.4 due to incorrectly defined dependency constraints
58,741692283,symfony/symfony,2020-11-12T15:25:16Z,https://github.com/symfony/symfony/pull/39065,https://api.github.com/repos/symfony/symfony/issues/39065,"[ProxyManagerBridge] replace ""ocramius/proxy-manager"" by a more convenient fork"
59,619762251,symfony/symfony,2020-05-17T17:56:39Z,https://github.com/symfony/symfony/issues/36849,https://api.github.com/repos/symfony/symfony/issues/36849,"Symfony String Inflector - add rules for these words: congress, status"
60,485217326,symfony/symfony,2019-08-26T12:44:24Z,https://github.com/symfony/symfony/issues/33338,https://api.github.com/repos/symfony/symfony/issues/33338,[Feature Request]Redirect back in controller
61,484737447,symfony/symfony,2019-08-23T22:37:35Z,https://github.com/symfony/symfony/issues/33313,https://api.github.com/repos/symfony/symfony/issues/33313,ParamConverterListener takes 5 seconds in dev
62,976125179,znc/znc,2021-08-21T12:22:15Z,https://github.com/znc/znc/issues/1810,https://api.github.com/repos/znc/znc/issues/1810,No way to fully disable the http server?
63,1636711509,tinymce/tinymce,2023-03-23T01:33:31Z,https://github.com/tinymce/tinymce/issues/8582,https://api.github.com/repos/tinymce/tinymce/issues/8582,Self-Hosted Non-Premium v6 integration RTC error
64,532874644,hashicorp/vagrant,2019-12-04T19:02:30Z,https://github.com/hashicorp/vagrant/issues/11235,https://api.github.com/repos/hashicorp/vagrant/issues/11235,rsync exclude_to_regexp BC break since 2.2.5
65,57258770,hashicorp/vagrant,2015-02-11T00:12:16Z,https://github.com/hashicorp/vagrant/issues/5319,https://api.github.com/repos/hashicorp/vagrant/issues/5319,Vagrant box downloads extremely slow
66,1656534314,mitmproxy/mitmproxy,2023-04-06T01:34:13Z,https://github.com/mitmproxy/mitmproxy/issues/6051,https://api.github.com/repos/mitmproxy/mitmproxy/issues/6051,Compatibility with newer versions of `cryptography`.
67,595484179,mitmproxy/mitmproxy,2020-04-06T23:13:40Z,https://github.com/mitmproxy/mitmproxy/issues/3908,https://api.github.com/repos/mitmproxy/mitmproxy/issues/3908,#NAME?
68,993768928,curl/curl,2021-09-11T06:58:54Z,https://github.com/curl/curl/issues/7703,https://api.github.com/repos/curl/curl/issues/7703,Wrong error number 61
69,1863541325,doctrine/migrations,2023-08-23T15:15:13Z,https://github.com/doctrine/migrations/issues/1357,https://api.github.com/repos/doctrine/migrations/issues/1357,GlobFinder looking for ONLY Version*.php
70,1137539452,mrdoob/three.js,2022-02-14T16:23:16Z,https://github.com/mrdoob/three.js/issues/23493,https://api.github.com/repos/mrdoob/three.js/issues/23493,Any PolyhedronGeometry tanks the GPU
71,518811026,mrdoob/three.js,2019-11-06T21:36:20Z,https://github.com/mrdoob/three.js/issues/17882,https://api.github.com/repos/mrdoob/three.js/issues/17882,BUG: MeshPhongMaterial flicker with flatShading: false
72,338480646,mrdoob/three.js,2018-07-05T08:46:40Z,https://github.com/mrdoob/three.js/issues/14419,https://api.github.com/repos/mrdoob/three.js/issues/14419,SEA3D vs GLTF
73,709556703,fluentmigrator/fluentmigrator,2020-09-26T15:24:11Z,https://github.com/fluentmigrator/fluentmigrator/issues/1347,https://api.github.com/repos/fluentmigrator/fluentmigrator/issues/1347,"Vacation October 5 - October 20, 2020"
74,372714597,pallets/flask,2018-10-22T21:46:33Z,https://github.com/pallets/flask/issues/2959,https://api.github.com/repos/pallets/flask/issues/2959,Tutorial coverage section needs update
75,463261125,Automattic/mongoose,2019-07-02T14:27:00Z,https://github.com/Automattic/mongoose/issues/7952,https://api.github.com/repos/Automattic/mongoose/issues/7952,toJSON or reverseTranslateAliases function to return alias keys
76,354147871,Automattic/mongoose,2018-08-27T01:13:47Z,https://github.com/Automattic/mongoose/issues/6922,https://api.github.com/repos/Automattic/mongoose/issues/6922,Docs page for how to fix deprecation warnings
77,304302655,Automattic/mongoose,2018-03-12T09:51:20Z,https://github.com/Automattic/mongoose/issues/6231,https://api.github.com/repos/Automattic/mongoose/issues/6231,.save() doesn't throw error if not connected to database
78,67171304,Automattic/mongoose,2015-04-08T16:44:41Z,https://github.com/Automattic/mongoose/issues/2851,https://api.github.com/repos/Automattic/mongoose/issues/2851,Multi-level discriminators
79,1843328693,doctrine/orm,2023-08-09T14:07:34Z,https://github.com/doctrine/orm/issues/10897,https://api.github.com/repos/doctrine/orm/issues/10897,Commit order reversed?
80,1665591134,doctrine/orm,2023-04-13T02:47:52Z,https://github.com/doctrine/orm/issues/10621,https://api.github.com/repos/doctrine/orm/issues/10621,BC break from 2.14.1 to 2.14.2 Using (deprecated) short namespace alias
81,1656348603,doctrine/orm,2023-04-05T21:58:38Z,https://github.com/doctrine/orm/issues/10615,https://api.github.com/repos/doctrine/orm/issues/10615,Provide an interface for BaseLifecycleEventArgs childs
82,1367665070,doctrine/orm,2022-09-09T11:02:55Z,https://github.com/doctrine/orm/pull/10034,https://api.github.com/repos/doctrine/orm/issues/10034,Don't look for metadata on standard classes
83,1110181012,doctrine/orm,2022-01-21T08:17:59Z,https://github.com/doctrine/orm/pull/9416,https://api.github.com/repos/doctrine/orm/issues/9416,annotations is required
84,985432324,doctrine/orm,2021-09-01T17:54:07Z,https://github.com/doctrine/orm/issues/8969,https://api.github.com/repos/doctrine/orm/issues/8969,Doctrine does not have a method to convert entities to JSON
85,891698219,doctrine/orm,2021-05-14T07:46:20Z,https://github.com/doctrine/orm/issues/8688,https://api.github.com/repos/doctrine/orm/issues/8688,OneToOne Field with JoinColumns lacks Entity prefix
86,795993177,doctrine/orm,2021-01-28T13:13:36Z,https://github.com/doctrine/orm/issues/8444,https://api.github.com/repos/doctrine/orm/issues/8444,1k issues! (some of them from 2013) is it doctrine ORM not ACTIVELY maintaining anymore? IS IT DEAD?
87,530232265,doctrine/orm,2019-11-29T09:07:24Z,https://github.com/doctrine/orm/issues/7933,https://api.github.com/repos/doctrine/orm/issues/7933,Do not deprecate useResultCache
88,398582372,doctrine/orm,2019-01-12T19:04:27Z,https://github.com/doctrine/orm/issues/7568,https://api.github.com/repos/doctrine/orm/issues/7568,Bug Report
89,313696087,doctrine/orm,2018-04-12T12:00:06Z,https://github.com/doctrine/orm/issues/7192,https://api.github.com/repos/doctrine/orm/issues/7192,"and, or doesn't work in DQL "
90,120671163,doctrine/orm,2015-05-08T13:06:30Z,https://github.com/doctrine/orm/issues/4568,https://api.github.com/repos/doctrine/orm/issues/4568,DDC-3730: Embeddable hydrates to object instead of null
91,120669472,doctrine/orm,2014-01-07T23:57:13Z,https://github.com/doctrine/orm/issues/3649,https://api.github.com/repos/doctrine/orm/issues/3649,DDC-2891: Impossible to pass a limit to a subquery
92,534580474,kangax/compat-table,2019-12-08T18:25:04Z,https://github.com/kangax/compat-table/pull/1558,https://api.github.com/repos/kangax/compat-table/issues/1558,"Revert ""Revert ""Improve historical Node data"""""
93,534580041,kangax/compat-table,2019-12-08T18:21:26Z,https://github.com/kangax/compat-table/pull/1557,https://api.github.com/repos/kangax/compat-table/issues/1557,"Revert ""Improve historical Node data"""
94,230340780,nvm-sh/nvm,2017-05-22T09:46:16Z,https://github.com/nvm-sh/nvm/issues/1533,https://api.github.com/repos/nvm-sh/nvm/issues/1533,Documenting how to install NVM for all users
95,1530248637,rubygems/rubygems,2023-01-12T07:40:35Z,https://github.com/rubygems/rubygems/pull/6269,https://api.github.com/repos/rubygems/rubygems/issues/6269,Fix `--ext=c` generating buggy code
96,727127817,rubygems/rubygems,2020-10-22T07:29:52Z,https://github.com/rubygems/rubygems/issues/4027,https://api.github.com/repos/rubygems/rubygems/issues/4027,Bundler and RubyGems install directory mismatch
97,633703607,rubygems/rubygems,2020-06-07T19:46:04Z,https://github.com/rubygems/rubygems/issues/3695,https://api.github.com/repos/rubygems/rubygems/issues/3695,Remove Eric Hodel as a maintainer and a member due to violating CoC
98,398264957,magit/magit,2019-01-11T12:15:30Z,https://github.com/magit/magit/issues/3709,https://api.github.com/repos/magit/magit/issues/3709,Please run `git remote prune origin` in magit-refs buffer when pressing g
99,1104666990,ipython/ipython,2022-01-15T10:18:18Z,https://github.com/ipython/ipython/issues/13463,https://api.github.com/repos/ipython/ipython/issues/13463,Revert ‚ÄúBlack by default‚Äù
100,774727384,ipython/ipython,2020-12-25T12:54:33Z,https://github.com/ipython/ipython/issues/12740,https://api.github.com/repos/ipython/ipython/issues/12740,"Last jedi release (0.18.0) is incompatible with ipython (7.19 and 7.18 tested); reason - column arg was deprecated, and now removed"
101,654775761,ipython/ipython,2020-07-10T13:17:17Z,https://github.com/ipython/ipython/issues/12431,https://api.github.com/repos/ipython/ipython/issues/12431,IPython doesn't follow the XDG base directory specification
102,1418577350,doctrine/dbal,2022-10-21T16:21:12Z,https://github.com/doctrine/dbal/issues/5784,https://api.github.com/repos/doctrine/dbal/issues/5784,Deprecate extension via Doctrine Event Manager
103,1345626221,doctrine/dbal,2022-08-21T23:29:55Z,https://github.com/doctrine/dbal/issues/5609,https://api.github.com/repos/doctrine/dbal/issues/5609,"Postgres:  public should not be considered a ""application schema"" and should be ignored  the same as  other system schema from `getSchemaNames`"
104,723058396,doctrine/dbal,2020-10-16T09:26:02Z,https://github.com/doctrine/dbal/pull/4349,https://api.github.com/repos/doctrine/dbal/issues/4349,Run CI on push to any branch and schedule all workflows hourly
105,530975624,doctrine/dbal,2019-12-02T08:42:40Z,https://github.com/doctrine/dbal/issues/3766,https://api.github.com/repos/doctrine/dbal/issues/3766,"OCI8 - undefined index, CRITICAL !"
106,12894489,doctrine/mongodb-odm,2013-04-07T12:07:10Z,https://github.com/doctrine/mongodb-odm/issues/554,https://api.github.com/repos/doctrine/mongodb-odm/issues/554,References to embedded document collections
107,620694982,bigbluebutton/bigbluebutton,2020-05-19T05:44:00Z,https://github.com/bigbluebutton/bigbluebutton/issues/9600,https://api.github.com/repos/bigbluebutton/bigbluebutton/issues/9600,"When require moderator approval before joining is set, no user can be promoted to moderator"
108,1072125460,libretro/RetroArch,2021-12-06T13:02:30Z,https://github.com/libretro/RetroArch/issues/13331,https://api.github.com/repos/libretro/RetroArch/issues/13331,[Core Request] Yuzu Emulator
109,997299420,libretro/RetroArch,2021-09-15T16:49:31Z,https://github.com/libretro/RetroArch/issues/12995,https://api.github.com/repos/libretro/RetroArch/issues/12995,Everything Wrong With Retroarch?! A massive complaint to why people think it fucking sucks. 
110,906427489,libretro/RetroArch,2021-05-29T09:22:58Z,https://github.com/libretro/RetroArch/issues/12452,https://api.github.com/repos/libretro/RetroArch/issues/12452,[VITA] Collect issues and clean up the port
111,643360992,libretro/RetroArch,2020-06-22T21:06:38Z,https://github.com/libretro/RetroArch/issues/10898,https://api.github.com/repos/libretro/RetroArch/issues/10898,Its most awful software
112,627087857,libretro/RetroArch,2020-05-29T08:16:02Z,https://github.com/libretro/RetroArch/issues/10731,https://api.github.com/repos/libretro/RetroArch/issues/10731,"Are u crazy? How did u make so unusable bloatwared software? Its possible to be simple, wtf do u do?"
113,565358712,libretro/RetroArch,2020-02-14T14:25:27Z,https://github.com/libretro/RetroArch/pull/10117,https://api.github.com/repos/libretro/RetroArch/issues/10117,qb: Improve the menu checks.
114,477798655,libretro/RetroArch,2019-08-07T09:02:42Z,https://github.com/libretro/RetroArch/issues/9260,https://api.github.com/repos/libretro/RetroArch/issues/9260,*redacted*
115,457082435,libretro/RetroArch,2019-06-17T18:19:21Z,https://github.com/libretro/RetroArch/issues/8980,https://api.github.com/repos/libretro/RetroArch/issues/8980,What is happening?
116,435537996,libretro/RetroArch,2019-04-21T19:05:55Z,https://github.com/libretro/RetroArch/issues/8619,https://api.github.com/repos/libretro/RetroArch/issues/8619,[PLAYLISTS] Add an option to use DETECT instead of CRC
117,430055555,libretro/RetroArch,2019-04-06T17:14:16Z,https://github.com/libretro/RetroArch/issues/8551,https://api.github.com/repos/libretro/RetroArch/issues/8551,Video width and height are switched when a vertically-oriented game is loaded 
118,285132250,libretro/RetroArch,2017-12-29T18:00:37Z,https://github.com/libretro/RetroArch/pull/5989,https://api.github.com/repos/libretro/RetroArch/issues/5989,Makefile: Fix debug builds.
119,1227174892,Python-Markdown/markdown,2022-05-05T21:04:50Z,https://github.com/Python-Markdown/markdown/pull/1252,https://api.github.com/repos/Python-Markdown/markdown/issues/1252,Allow setting attributes on <ol> and <ul> tags with attr_list extension
120,1011467346,Python-Markdown/markdown,2021-09-29T21:36:10Z,https://github.com/Python-Markdown/markdown/issues/1182,https://api.github.com/repos/Python-Markdown/markdown/issues/1182,3.3.4: pytest and tox are failing
121,978528716,Python-Markdown/markdown,2021-08-24T22:17:41Z,https://github.com/Python-Markdown/markdown/pull/1179,https://api.github.com/repos/Python-Markdown/markdown/issues/1179,Custom parser interface
122,1352488799,fabricjs/fabric.js,2022-08-26T16:36:42Z,https://github.com/fabricjs/fabric.js/issues/8195,https://api.github.com/repos/fabricjs/fabric.js/issues/8195,Transformation box for texts
123,1458781974,rust-lang/rust,2022-11-22T00:12:17Z,https://github.com/rust-lang/rust/issues/104699,https://api.github.com/repos/rust-lang/rust/issues/104699,[Discussion] Purpose of `PROBLEMATIC_CONSTS`
124,904754673,rust-lang/rust,2021-05-28T05:45:46Z,https://github.com/rust-lang/rust/issues/85773,https://api.github.com/repos/rust-lang/rust/issues/85773,Regression in binary_search_by
125,670691047,rust-lang/rust,2020-08-01T09:15:23Z,https://github.com/rust-lang/rust/issues/75002,https://api.github.com/repos/rust-lang/rust/issues/75002,LLDB is not able to find default source location
126,639133998,rust-lang/rust,2020-06-15T20:34:00Z,https://github.com/rust-lang/rust/issues/73385,https://api.github.com/repos/rust-lang/rust/issues/73385,Rename master branch to less discriminating name
127,60472468,rust-lang/rust,2015-03-10T09:36:32Z,https://github.com/rust-lang/rust/issues/23246,https://api.github.com/repos/rust-lang/rust/issues/23246,Rust complains about unused type parameter which is only used to parameterize another
128,663559628,sinonjs/sinon,2020-07-22T08:01:49Z,https://github.com/sinonjs/sinon/issues/2278,https://api.github.com/repos/sinonjs/sinon/issues/2278,Rename master branch to primary branch
129,657523246,sinonjs/sinon,2020-07-15T17:22:42Z,https://github.com/sinonjs/sinon/issues/2274,https://api.github.com/repos/sinonjs/sinon/issues/2274,blm
130,305129827,mysqljs/mysql,2018-03-14T12:00:25Z,https://github.com/mysqljs/mysql/pull/1962,https://api.github.com/repos/mysqljs/mysql/issues/1962,Fix MySQL 8.0.x incompatibilities
131,27120442,mysqljs/mysql,2014-02-07T08:42:11Z,https://github.com/mysqljs/mysql/issues/731,https://api.github.com/repos/mysqljs/mysql/issues/731,Security issue with param escaping?
132,6209234,mysqljs/mysql,2012-08-14T06:26:39Z,https://github.com/mysqljs/mysql/issues/274,https://api.github.com/repos/mysqljs/mysql/issues/274,true server-side Prepared Statements
133,534583789,nim-lang/Nim,2019-12-08T18:53:54Z,https://github.com/nim-lang/Nim/issues/12855,https://api.github.com/repos/nim-lang/Nim/issues/12855,Incorrect C code generation when trying to echo a Lock variable
134,1210960989,scikit-learn/scikit-learn,2022-04-21T12:24:38Z,https://github.com/scikit-learn/scikit-learn/issues/23175,https://api.github.com/repos/scikit-learn/scikit-learn/issues/23175,ndcg_score
135,1072818585,scikit-learn/scikit-learn,2021-12-07T01:40:53Z,https://github.com/scikit-learn/scikit-learn/issues/21906,https://api.github.com/repos/scikit-learn/scikit-learn/issues/21906,SGDClassifier breaks down when encountering unseen values?
136,47049745,scikit-learn/scikit-learn,2014-10-28T16:41:25Z,https://github.com/scikit-learn/scikit-learn/issues/3808,https://api.github.com/repos/scikit-learn/scikit-learn/issues/3808,loading my own datasets
137,908088395,pandas-dev/pandas,2021-06-01T09:18:51Z,https://github.com/pandas-dev/pandas/issues/41754,https://api.github.com/repos/pandas-dev/pandas/issues/41754,QST: Inconsistent behaviour in checking number of fields per row while read_csv()
138,786108116,pandas-dev/pandas,2021-01-14T15:59:31Z,https://github.com/pandas-dev/pandas/issues/39171,https://api.github.com/repos/pandas-dev/pandas/issues/39171,ENH: Reimplement and undeprecate DataFrame.lookup
139,628465400,pandas-dev/pandas,2020-06-01T14:04:55Z,https://github.com/pandas-dev/pandas/issues/34513,https://api.github.com/repos/pandas-dev/pandas/issues/34513,Release notes still missing for 1.0.4
140,369840190,diaspora/diaspora,2018-10-13T20:53:02Z,https://github.com/diaspora/diaspora/issues/7891,https://api.github.com/repos/diaspora/diaspora/issues/7891,"Templates failed, did no changes"
141,1317881905,arduino/Arduino,2022-07-26T08:25:44Z,https://github.com/arduino/Arduino/issues/11811,https://api.github.com/repos/arduino/Arduino/issues/11811,Bug? VERY predictable output from random()
142,372256539,arduino/Arduino,2018-10-20T21:56:14Z,https://github.com/arduino/Arduino/issues/8120,https://api.github.com/repos/arduino/Arduino/issues/8120,Why Arduino WHY ?
143,312953330,arduino/Arduino,2018-04-10T14:38:39Z,https://github.com/arduino/Arduino/issues/7451,https://api.github.com/repos/arduino/Arduino/issues/7451,Please change the color of error output
144,1522369018,rabbitmq/rabbitmq-server,2023-01-06T10:50:20Z,https://github.com/rabbitmq/rabbitmq-server/issues/6812,https://api.github.com/repos/rabbitmq/rabbitmq-server/issues/6812,"Feature request: dead-lettering for exclusive, autodelete and temporary queues when they are deleted"
145,896726233,Leaflet/Leaflet,2021-05-20T12:08:13Z,https://github.com/Leaflet/Leaflet/issues/7576,https://api.github.com/repos/Leaflet/Leaflet/issues/7576,Tracing Support
146,894598837,Leaflet/Leaflet,2021-05-18T17:09:04Z,https://github.com/Leaflet/Leaflet/issues/7574,https://api.github.com/repos/Leaflet/Leaflet/issues/7574,map.panTo() does not re-center if point within shown bounds
147,235832393,Leaflet/Leaflet,2017-06-14T10:22:55Z,https://github.com/Leaflet/Leaflet/issues/5560,https://api.github.com/repos/Leaflet/Leaflet/issues/5560,zIndexOffset for marker is not working as expected
148,22814728,Leaflet/Leaflet,2013-11-18T04:29:25Z,https://github.com/Leaflet/Leaflet/issues/2195,https://api.github.com/repos/Leaflet/Leaflet/issues/2195,Leaflet JS - Country Boundaries
149,631364219,OpenRA/OpenRA,2020-06-05T07:07:35Z,https://github.com/OpenRA/OpenRA/issues/18235,https://api.github.com/repos/OpenRA/OpenRA/issues/18235,"Replace the refinery with the ""ERCC"" refinery in the standard game"
150,320554101,OpenRA/OpenRA,2018-05-06T01:24:06Z,https://github.com/OpenRA/OpenRA/pull/15119,https://api.github.com/repos/OpenRA/OpenRA/issues/15119,Artillery Balance Part 2
151,320553214,OpenRA/OpenRA,2018-05-06T01:00:11Z,https://github.com/OpenRA/OpenRA/pull/15118,https://api.github.com/repos/OpenRA/OpenRA/issues/15118,Artillery Balance Part 1
152,237547233,coleifer/peewee,2017-06-21T14:08:34Z,https://github.com/coleifer/peewee/issues/1298,https://api.github.com/repos/coleifer/peewee/issues/1298,mypy type hints
153,544279140,pallets/jinja,2019-12-31T22:09:04Z,https://github.com/pallets/jinja/pull/1121,https://api.github.com/repos/pallets/jinja/issues/1121,Rename jinja2 to jinja
154,245325788,pallets/jinja,2017-07-25T08:38:28Z,https://github.com/pallets/jinja/issues/752,https://api.github.com/repos/pallets/jinja/issues/752,Decide on a consistent naming of either `Jinja` or `Jinja2`
155,554355383,ytdl-org/youtube-dl,2020-01-23T19:23:06Z,https://github.com/ytdl-org/youtube-dl/issues/23819,https://api.github.com/repos/ytdl-org/youtube-dl/issues/23819,"[Youtube] Unsupported JS expression '[function(c,d){d=(d';"
156,1412007705,openscad/openscad,2022-10-17T18:13:57Z,https://github.com/openscad/openscad/pull/4385,https://api.github.com/repos/openscad/openscad/issues/4385,Resolves Issue #355 - added a hull example to basic examples
157,598170002,openscad/openscad,2020-04-11T02:22:03Z,https://github.com/openscad/openscad/issues/3277,https://api.github.com/repos/openscad/openscad/issues/3277,2d Projection created by multmatrix can not be extruded.
158,382791162,php-fig/fig-standards,2018-11-20T18:20:00Z,https://github.com/php-fig/fig-standards/pull/1120,https://api.github.com/repos/php-fig/fig-standards/issues/1120,Remove Symfony
159,1465034831,Warzone2100/warzone2100,2022-11-26T03:40:53Z,https://github.com/Warzone2100/warzone2100/issues/3020,https://api.github.com/repos/Warzone2100/warzone2100/issues/3020,The game is broken
160,1418948680,Warzone2100/warzone2100,2022-10-21T23:10:25Z,https://github.com/Warzone2100/warzone2100/issues/2916,https://api.github.com/repos/Warzone2100/warzone2100/issues/2916,Balance proposal became a circuis
161,807725060,rstudio/rstudio,2021-02-13T10:46:38Z,https://github.com/rstudio/rstudio/issues/8968,https://api.github.com/repos/rstudio/rstudio/issues/8968,Remove libpq dependency in RStudio Desktop
162,1102918184,spring-projects/spring-framework,2022-01-14T04:14:59Z,https://github.com/spring-projects/spring-framework/pull/27933,https://api.github.com/repos/spring-projects/spring-framework/issues/27933,Ensure utility classes cannot be instantiated.
163,1303268876,neovim/neovim,"""2022-07-13T10:59:23Z""","""https://github.com/neovim/neovim/issues/19350""",https://api.github.com/repos/neovim/neovim/issues/19350,Tracking issue: treesitter highlighting
164,952956841,SevenTV/chatterino7,"""2021-07-26T14:18:27Z""","""https://github.com/SevenTV/chatterino7/issues/34""",https://api.github.com/repos/SevenTV/chatterino7/issues/34,"Will you please allow ""notify when online"" notifications without login, or provide a 2.1.0 installer"
165,980057113,WordPress/gutenberg,"""2021-08-26T09:56:38Z""","""https://github.com/WordPress/gutenberg/issues/34325""",https://api.github.com/repos/WordPress/gutenberg/issues/34325,Consider moving wp-env project to own repository
166,795394794,flutter/flutter,"""2021-01-27T19:48:17Z""","""https://github.com/flutter/flutter/issues/74833""",https://api.github.com/repos/flutter/flutter/issues/74833,My app is slow or missing frames (metabug)
167,1400909737,freeCodeCamp/freeCodeCamp,"""2022-10-07T09:47:10Z""","""https://github.com/freeCodeCamp/freeCodeCamp/issues/47891""",https://api.github.com/repos/freeCodeCamp/freeCodeCamp/issues/47891,Update front end demo project URL's
168,1406636959,freeCodeCamp/freeCodeCamp,"""2022-10-12T18:34:57Z""","""https://github.com/freeCodeCamp/freeCodeCamp/issues/48011""",https://api.github.com/repos/freeCodeCamp/freeCodeCamp/issues/48011,Line goes against our challenge document in building a registration form project
169,1087972186,doitsujin/dxvk,"""2021-12-23T20:20:27Z""","""https://github.com/doitsujin/dxvk/issues/2413""",https://api.github.com/repos/doitsujin/dxvk/issues/2413,Unable to release video memory
170,503598709,AvaloniaUI/Avalonia,"""2019-10-07T17:51:00Z""","""https://github.com/AvaloniaUI/Avalonia/issues/3079""",https://api.github.com/repos/AvaloniaUI/Avalonia/issues/3079,PointerPressed captures pointers 1 pixel outside of the control
171,494492439,saltstack/salt,"""2019-09-17T08:58:08Z""","""https://github.com/saltstack/salt/issues/54508""",https://api.github.com/repos/saltstack/salt/issues/54508,mount.mounted does not handle blanks properly
172,1252756496,libsdl-org/SDL,"""2022-05-30T13:37:36Z""","""https://github.com/libsdl-org/SDL/issues/5734""",https://api.github.com/repos/libsdl-org/SDL/issues/5734,URL is miss leading
173,1396213107,anuraghazra/github-readme-stats,"""2022-10-04T12:42:18Z""","""https://github.com/anuraghazra/github-readme-stats/issues/2114""",https://api.github.com/repos/anuraghazra/github-readme-stats/issues/2114,Maximum retries exceeded
174,1345038447,space-wizards/space-station-14,"""2022-08-20T03:04:37Z""","""https://github.com/space-wizards/space-station-14/issues/10717""",https://api.github.com/repos/space-wizards/space-station-14/issues/10717,The eye damage filter makes me want to die
175,1321670019,johnsoncodehk/volar,"""2022-07-29T02:02:36Z""","""https://github.com/johnsoncodehk/volar/issues/1648""",https://api.github.com/repos/johnsoncodehk/volar/issues/1648,"The code hint is really slow in the.vue a slightly larger file, please fixÔºÅ"
176,1336452733,osmandapp/OsmAnd,"""2022-08-11T20:21:14Z""","""https://github.com/osmandapp/OsmAnd/issues/15058""",https://api.github.com/repos/osmandapp/OsmAnd/issues/15058,No setting to disable: download sends unique user tracking UUID & number of days since install
177,1241570951,anuraghazra/github-readme-stats,"""2022-05-19T10:33:47Z""","""https://github.com/anuraghazra/github-readme-stats/issues/1774""",https://api.github.com/repos/anuraghazra/github-readme-stats/issues/1774,New tiny error url does not fit on card
178,1239779668,anuraghazra/github-readme-stats,"""2022-05-18T10:53:07Z""","""https://github.com/anuraghazra/github-readme-stats/issues/1763""",https://api.github.com/repos/anuraghazra/github-readme-stats/issues/1763,[Sever Problem] Maximum retries exceeded
179,927966336,umijs/umi,"""2021-06-23T07:53:48Z""","""https://github.com/umijs/umi/issues/6766""",https://api.github.com/repos/umijs/umi/issues/6766,MFSU Why„ÄÅWhat„ÄÅHow and FAQ
180,1118392130,MinecraftForge/MinecraftForge,"""2022-01-30T03:09:04Z""","""https://github.com/MinecraftForge/MinecraftForge/issues/8438""",https://api.github.com/repos/MinecraftForge/MinecraftForge/issues/8438,Forge mod causing LuckPerm commands to not register in client
181,1145514858,golang/go,"""2022-02-21T09:08:41Z""","""https://github.com/golang/go/issues/51295""",https://api.github.com/repos/golang/go/issues/51295,proposal: encoding/base64: add Encoding.EncodeString to match DecodeString
182,1144972959,golang/go,"""2022-02-20T09:58:45Z""","""https://github.com/golang/go/issues/51277""",https://api.github.com/repos/golang/go/issues/51277,[removed]
183,900635226,hashicorp/terraform,"""2021-05-25T10:52:11Z""","""https://github.com/hashicorp/terraform/issues/28803""",https://api.github.com/repos/hashicorp/terraform/issues/28803,"A way to hide certain expected changes from the ""refresh"" report (""Objects have changed outside of Terraform"")"
184,652809371,angular/angular,"""2020-07-08T01:25:12Z""","""https://github.com/angular/angular/issues/37963""",https://api.github.com/repos/angular/angular/issues/37963,"Rename the ""master"" branch to avoid problematic terminology"
185,761569005,Rapptz/discord.py,"""2020-12-10T20:01:44Z""","""https://github.com/Rapptz/discord.py/issues/6149""",https://api.github.com/repos/Rapptz/discord.py/issues/6149,Support slash commands
186,1077325481,tailscale/tailscale,"""2021-12-11T00:08:19Z""","""https://github.com/tailscale/tailscale/issues/3550""",https://api.github.com/repos/tailscale/tailscale/issues/3550,Security vulnerability in log4j 2 (CVE-2021-44228)
187,1369100843,netbox-community/netbox,"""2022-09-11T23:44:26Z""","""https://github.com/netbox-community/netbox/issues/10324""",https://api.github.com/repos/netbox-community/netbox/issues/10324,Ability to add custom fields to device templates and module templates
188,1428767280,Monika-After-Story/MonikaModDev,"""2022-10-30T12:30:18Z""","""https://github.com/Monika-After-Story/MonikaModDev/issues/9699""",https://api.github.com/repos/Monika-After-Story/MonikaModDev/issues/9699,I really think we should ask the player for permission to delete other chr files.
189,1134552993,GTNewHorizons/GT-New-Horizons-Modpack,"""2022-02-12T20:20:30Z""","""https://github.com/GTNewHorizons/GT-New-Horizons-Modpack/issues/9732""",https://api.github.com/repos/GTNewHorizons/GT-New-Horizons-Modpack/issues/9732,Allow OP users to bypass ME security
190,1183333507,vercel/next.js,"""2022-03-28T12:01:59Z""","""https://github.com/vercel/next.js/issues/35657""",https://api.github.com/repos/vercel/next.js/issues/35657,[v12.1.1] Multi-line comment at the start of return of the render function breaks app (Minified React error #152)
191,1201906086,sveltejs/kit,"""2022-04-12T14:06:12Z""","""https://github.com/sveltejs/kit/issues/4594""",https://api.github.com/repos/sveltejs/kit/issues/4594,Color adjustment asap please - Docs
192,1248033266,encode/uvicorn,"""2022-05-25T12:36:51Z""","""https://github.com/encode/uvicorn/issues/1501""",https://api.github.com/repos/encode/uvicorn/issues/1501,Gracefully handle HTTP/2 upgrade request
193,436303024,vector-im/element-web,"""2019-04-23T17:24:34Z""","""https://github.com/vector-im/element-web/issues/9547""",https://api.github.com/repos/vector-im/element-web/issues/9547,Rename 'kick' as 'remove from chat'
194,1282455505,nestjs/nest-cli,"""2022-06-23T14:00:19Z""","""https://github.com/nestjs/nest-cli/issues/1693""",https://api.github.com/repos/nestjs/nest-cli/issues/1693,generation with nest-cli Error: Unknown argument skipImport. Did you mean skip-import?
195,93644527,qbittorrent/qBittorrent,"""2015-07-07T22:32:11Z""","""https://github.com/qbittorrent/qBittorrent/issues/3369""",https://api.github.com/repos/qbittorrent/qBittorrent/issues/3369,File extension filter
196,98183747,python/mypy,"""2015-07-30T14:30:22Z""","""https://github.com/python/mypy/issues/731""",https://api.github.com/repos/python/mypy/issues/731,Support recursive types
197,542105846,microsoft/vscode-python,"""2019-12-24T11:54:51Z""","""https://github.com/microsoft/vscode-python/issues/9284""",https://api.github.com/repos/microsoft/vscode-python/issues/9284,Editor context menu actions feedback
198,1498285225,JuliaPlots/Plots.jl,"""2022-12-15T11:46:58Z""","""https://github.com/JuliaPlots/Plots.jl/issues/4597""",https://api.github.com/repos/JuliaPlots/Plots.jl/issues/4597,[BUG] RecipesBase and RecipesPipeline fail to precompile
199,1331118596,expo/expo,"""2022-08-07T20:44:42Z""","""https://github.com/expo/expo/issues/18554""",https://api.github.com/repos/expo/expo/issues/18554,MapView from React-Native-Maps appears as a grey block on Android
200,1036757791,PowerDNS-Admin/PowerDNS-Admin,"""2021-10-26T21:28:04Z""","""https://github.com/PowerDNS-Admin/PowerDNS-Admin/issues/1032""",https://api.github.com/repos/PowerDNS-Admin/PowerDNS-Admin/issues/1032,Updates & Looking for maintainers
201,1294541749,exercism/python,"""2022-07-05T16:54:37Z""","""https://github.com/exercism/python/issues/3132""",https://api.github.com/repos/exercism/python/issues/3132,[Ghost Gobble Arcade Game]: Stub Notes are Confusing
202,1461489700,laravel/framework,"""2022-11-23T10:36:33Z""","""https://github.com/laravel/framework/issues/45058""",https://api.github.com/repos/laravel/framework/issues/45058,Laravel 9. Migration Silently Fails with SQLite when Dropping and Adding a Column in the Same Modification 
203,257408022,WedgeServer/wedge,"""2017-09-13T14:44:31Z""","""https://github.com/WedgeServer/wedge/issues/2""",https://api.github.com/repos/WedgeServer/wedge/issues/2,Trademark violation
204,951429255,rustdesk/rustdesk,"""2021-07-23T09:56:00Z""","""https://github.com/rustdesk/rustdesk/issues/175""",https://api.github.com/repos/rustdesk/rustdesk/issues/175,Add Linux ARM support
205,209725628,nextcloud/server,"""2017-02-23T10:45:06Z""","""https://github.com/nextcloud/server/issues/3596""",https://api.github.com/repos/nextcloud/server/issues/3596,Email notifications for pending upgrades
206,708907357,nextcloud/server,"""2020-09-25T12:45:59Z""","""https://github.com/nextcloud/server/issues/23046""",https://api.github.com/repos/nextcloud/server/issues/23046,"[Files sharing] Log message: ""/appinfo/app.php is deprecated"""
207,1410698334,microsoft/vscode,"""2022-10-17T00:44:22Z""","""https://github.com/microsoft/vscode/issues/163798""",https://api.github.com/repos/microsoft/vscode/issues/163798,vscode Have you started charging? 
208,294122809,microsoft/vscode,"""2018-02-03T16:12:05Z""","""https://github.com/microsoft/vscode/issues/42890""",https://api.github.com/repos/microsoft/vscode/issues/42890,Marketplace: searching by an extension's name is practically broken
209,284999235,ansible/ansible,"""2017-12-28T22:12:37Z""","""https://github.com/ansible/ansible/issues/34281""",https://api.github.com/repos/ansible/ansible/issues/34281,Conditionally import_playbook aka include_playbook
210,1159293958,ansible/ansible,"""2022-03-04T06:25:47Z""","""https://github.com/ansible/ansible/issues/77204""",https://api.github.com/repos/ansible/ansible/issues/77204,"Documentation: you changed URLs but are not using redirects, generating 404s - why?"
211,239227953,ansible/ansible,"""2017-06-28T16:50:58Z""","""https://github.com/ansible/ansible/issues/26190""",https://api.github.com/repos/ansible/ansible/issues/26190,Allow decrypting of files with vaulted variables
212,1027933041,flatpak/xdg-desktop-portal,"""2021-10-16T02:58:26Z""","""https://github.com/flatpak/xdg-desktop-portal/issues/649""",https://api.github.com/repos/flatpak/xdg-desktop-portal/issues/649,Screenshot portal without prompt
213,1092238495,opnsense/core,"""2022-01-03T05:31:54Z""","""https://github.com/opnsense/core/issues/5453""",https://api.github.com/repos/opnsense/core/issues/5453,radvd does not start up with 22.1
214,638202113,nodejs/node,"""2020-06-13T17:41:50Z""","""https://github.com/nodejs/node/issues/33864""",https://api.github.com/repos/nodejs/node/issues/33864,"Rename default branch from ""master"" to ""main"""
215,877864027,nodejs/node,"""2021-05-06T18:48:22Z""","""https://github.com/nodejs/node/issues/38573""",https://api.github.com/repos/nodejs/node/issues/38573,Rename Node-API to something less confusing/misleading
216,1336666723,Cog-Creators/Red-DiscordBot,"""2022-08-12T01:57:57Z""","""https://github.com/Cog-Creators/Red-DiscordBot/issues/5819""",https://api.github.com/repos/Cog-Creators/Red-DiscordBot/issues/5819,Audio Track Playback Issue
217,914128991,PCSX2/pcsx2,"""2021-06-08T01:13:24Z""","""https://github.com/PCSX2/pcsx2/issues/4485""",https://api.github.com/repos/PCSX2/pcsx2/issues/4485,[BUG] God of War 1 - FMV bug after 1.4.0
218,1242792738,kubernetes/website,"""2022-05-20T08:14:16Z""","""https://github.com/kubernetes/website/issues/33848""",https://api.github.com/repos/kubernetes/website/issues/33848,Link to CNCF contributor guide
219,348797250,HandBrake/HandBrake,"""2018-08-08T16:19:15Z""","""https://github.com/HandBrake/HandBrake/issues/1527""",https://api.github.com/repos/HandBrake/HandBrake/issues/1527,HE-AAC support for Linux and Windows
220,498868764,hashicorp/nomad,"""2019-09-26T12:58:51Z""","""https://github.com/hashicorp/nomad/issues/6385""",https://api.github.com/repos/hashicorp/nomad/issues/6385,iptables entries are not reconciled
221,1186681963,citizenfx/fivem,"""2022-03-30T16:07:46Z""","""https://github.com/citizenfx/fivem/issues/1356""",https://api.github.com/repos/citizenfx/fivem/issues/1356,! Exploit crashing players on every server
222,1500084349,zammad/zammad,"""2022-12-16T11:53:58Z""","""https://github.com/zammad/zammad/issues/4431""",https://api.github.com/repos/zammad/zammad/issues/4431,Missing rake task to fix json values migrated from maria/mysql to postgres
223,1043368759,EbookFoundation/free-programming-books,"""2021-11-03T10:28:56Z""","""https://github.com/EbookFoundation/free-programming-books/issues/6590""",https://api.github.com/repos/EbookFoundation/free-programming-books/issues/6590,"docs: Homogenize governance (CoC, CONTRIBUTING & HOWTO) across files"
224,747855745,EbookFoundation/free-programming-books,"""2020-11-20T23:16:43Z""","""https://github.com/EbookFoundation/free-programming-books/issues/5176""",https://api.github.com/repos/EbookFoundation/free-programming-books/issues/5176,Mark up look strange on the site when using pipes `|`
225,453440611,strapi/strapi,"""2019-06-07T10:17:02Z""","""https://github.com/strapi/strapi/issues/3399""",https://api.github.com/repos/strapi/strapi/issues/3399,Administrator model customization
226,393724050,strapi/strapi,"""2018-12-23T05:03:40Z""","""https://github.com/strapi/strapi/issues/2527""",https://api.github.com/repos/strapi/strapi/issues/2527,Support for GeoJSON Content Type 
227,544542483,strapi/strapi,"""2020-01-02T11:29:06Z""","""https://github.com/strapi/strapi/issues/4878""",https://api.github.com/repos/strapi/strapi/issues/4878,I can't access custom field from from users/me via GraphQL
228,407645854,strapi/strapi,"""2019-02-07T11:05:41Z""","""https://github.com/strapi/strapi/issues/2784""",https://api.github.com/repos/strapi/strapi/issues/2784,Add auto increment option to the model attributes
229,524307759,strapi/strapi,"""2019-11-18T11:31:42Z""","""https://github.com/strapi/strapi/issues/4547""",https://api.github.com/repos/strapi/strapi/issues/4547,Enable findOne by unique fields GraphQL
230,1208013839,termux/termux-packages,"""2021-07-26T17:22:34Z""","""https://github.com/termux/termux-packages/issues/10226""",https://api.github.com/repos/termux/termux-packages/issues/10226,Mesa: glxgears crashes on 32bit ARM devices
231,1212965768,google/blockly,2022-04-22T23:33:43Z,https://github.com/google/blockly/issues/6106,https://api.github.com/repos/google/blockly/issues/6106,Security Policy violation Binary Artifacts
232,669419291,google/WebFundamentals,2020-07-31T05:10:00Z,https://github.com/google/WebFundamentals/issues/8921,https://api.github.com/repos/google/WebFundamentals/issues/8921,Chrome Features.........
233,1075227076,google/glog,2021-12-09T07:08:17Z,https://github.com/google/glog/issues/756,https://api.github.com/repos/google/glog/issues/756,macOS 10.14.6 clang-1100.0.33.17 glog linker error
234,1444401730,sumneko/lua-language-server,"""2022-11-10T18:49:38Z""","""https://github.com/sumneko/lua-language-server/issues/1686""",https://api.github.com/repos/sumneko/lua-language-server/issues/1686,"undefined global love, and anything defined in files other than main.lua"
235,421471669,tidyverse/lubridate,"""2019-03-15T11:21:52Z""","""https://github.com/tidyverse/lubridate/issues/759""",https://api.github.com/repos/tidyverse/lubridate/issues/759,daylight saving breaks `+minutes()`
236,900662967,SubnauticaNitrox/Nitrox,"""2021-05-25T11:16:24Z""","""https://github.com/SubnauticaNitrox/Nitrox/issues/1489""",https://api.github.com/repos/SubnauticaNitrox/Nitrox/issues/1489,Ctrl + C is closing the server
237,1161973878,chalk/chalk,"""2022-03-07T22:04:48Z""","""https://github.com/chalk/chalk/issues/536""",https://api.github.com/repos/chalk/chalk/issues/536,Chalk with ESLint & Airbnb Base
238,1301947200,revanced/revanced-patches,"""2022-07-12T11:47:01Z""","""https://github.com/revanced/revanced-patches/issues/163""",https://api.github.com/repos/revanced/revanced-patches/issues/163,feat: `disable-auto-captions` patch
239,1417883451,revanced/revanced-patches,"""2022-10-20T22:03:33Z""","""https://github.com/revanced/revanced-patches/issues/825""",https://api.github.com/repos/revanced/revanced-patches/issues/825,bug: hide-create-button patch causes startup crash
240,1346088769,revanced/revanced-patches,"""2022-08-22T09:20:38Z""","""https://github.com/revanced/revanced-patches/issues/372""",https://api.github.com/repos/revanced/revanced-patches/issues/372,bug: Wide searchbar doesn't work
241,1273536453,revanced/revanced-patches,"""2022-06-16T13:03:40Z""","""https://github.com/revanced/revanced-patches/issues/29""",https://api.github.com/repos/revanced/revanced-patches/issues/29,ReVanced resets itself when switch to shorts.
242,1414476730,revanced/revanced-patches,"""2022-10-19T07:47:28Z""","""https://github.com/revanced/revanced-patches/issues/811""",https://api.github.com/repos/revanced/revanced-patches/issues/811,feat(patch): Force playback speed to every video.
243,1361207935,Pradumnasaraf/open-source-with-pradumna,"""2022-09-04T17:28:18Z""","""https://github.com/Pradumnasaraf/open-source-with-pradumna/issues/99""",https://api.github.com/repos/Pradumnasaraf/open-source-with-pradumna/issues/99,"[DOCS] Add process/guide - ""How to create to create GitHub project board"""
244,1060667929,IntellectualSites/PlotSquared,"""2021-11-22T22:53:45Z""","""https://github.com/IntellectualSites/PlotSquared/issues/3343""",https://api.github.com/repos/IntellectualSites/PlotSquared/issues/3343,/plot delete - A set block timer is bound to either the current plot or you. Please wait for it to finish.
245,1096297382,NickeManarin/ScreenToGif,"""2022-01-07T13:00:53Z""","""https://github.com/NickeManarin/ScreenToGif/issues/1044""",https://api.github.com/repos/NickeManarin/ScreenToGif/issues/1044,[Feature Request] Make it more portable
246,569895996,Sitecore/jss,"""2020-02-24T14:34:05Z""","""https://github.com/Sitecore/jss/issues/329""",https://api.github.com/repos/Sitecore/jss/issues/329,docs: Reference
247,610982272,jshttp/mime-db,"""2020-05-01T21:41:08Z""","""https://github.com/jshttp/mime-db/issues/194""",https://api.github.com/repos/jshttp/mime-db/issues/194,JavaScript type should be `text/javascript`
248,765312275,James-Yu/LaTeX-Workshop,"""2020-12-13T11:41:59Z""","""https://github.com/James-Yu/LaTeX-Workshop/issues/2433""",https://api.github.com/repos/James-Yu/LaTeX-Workshop/issues/2433,Snippet View's position gets wrong when commands collapsed and expanded
249,1093916422,James-Yu/LaTeX-Workshop,"""2022-01-05T02:23:46Z""","""https://github.com/James-Yu/LaTeX-Workshop/issues/3039""",https://api.github.com/repos/James-Yu/LaTeX-Workshop/issues/3039,Case sensitivity in latex.tools environment variables on Windows 
250,723862818,James-Yu/LaTeX-Workshop,"""2020-10-17T22:51:25Z""","""https://github.com/James-Yu/LaTeX-Workshop/issues/2334""",https://api.github.com/repos/James-Yu/LaTeX-Workshop/issues/2334,Keyboard shortcuts of VS Code do not work  on the internal PDF viewer on Windows
251,1137624289,James-Yu/LaTeX-Workshop,"""2022-02-14T17:33:08Z""","""https://github.com/James-Yu/LaTeX-Workshop/issues/3082""",https://api.github.com/repos/James-Yu/LaTeX-Workshop/issues/3082,"Change settings scope from ""window"" (default) to ""resource"" for a number of settings"
252,1268409097,fw876/helloworld,"""2022-06-12T00:55:48Z""","""https://github.com/fw876/helloworld/issues/906""",https://api.github.com/repos/fw876/helloworld/issues/906,ÂøÖÈ°ªËß£ÂÜ≥ÂíåÂÖ∂ÂÆÉ‰ª£ÁêÜÁöÑÂÜ≤Á™ÅÈóÆÈ¢òÔºÅ
253,857092857,binogure-studio/city-game-studio-i18n,"""2021-04-13T15:45:52Z""","""https://github.com/binogure-studio/city-game-studio-i18n/issues/587""",https://api.github.com/repos/binogure-studio/city-game-studio-i18n/issues/587,"Suggestion: suggestions,feature request,fixations"
254,1301011966,elebumm/RedditVideoMakerBot,"""2022-07-11T17:31:35Z""","""https://github.com/elebumm/RedditVideoMakerBot/issues/959""",https://api.github.com/repos/elebumm/RedditVideoMakerBot/issues/959,"When Storymode is enabled, the script crashes"
255,704818674,jamulussoftware/jamulus,"""2020-09-19T06:41:37Z""","""https://github.com/jamulussoftware/jamulus/issues/599""",https://api.github.com/repos/jamulussoftware/jamulus/issues/599,Support single audio mix server mode to support large ensembles and simplify the mixing
256,1300661048,maxcountryman/flask-login,"""2022-07-11T12:45:15Z""","""https://github.com/maxcountryman/flask-login/issues/686""",https://api.github.com/repos/maxcountryman/flask-login/issues/686,"incompatible with werkzeug 2.2.0, can't import parse_rule"
257,1026512862,SudhanPlayz/Discord-MusicBot,"""2021-10-14T15:05:56Z""","""https://github.com/SudhanPlayz/Discord-MusicBot/issues/495""",https://api.github.com/repos/SudhanPlayz/Discord-MusicBot/issues/495,Dependency Dashboard
258,1388421768,CastagnaIT/plugin.video.netflix,"""2022-09-27T21:49:20Z""","""https://github.com/CastagnaIT/plugin.video.netflix/issues/1428""",https://api.github.com/repos/CastagnaIT/plugin.video.netflix/issues/1428,Plugin HTTP Error - 404 Client Error: Not Found for url
259,1004915962,JodaOrg/joda-time,"""2021-09-23T01:21:39Z""","""https://github.com/JodaOrg/joda-time/issues/566""",https://api.github.com/repos/JodaOrg/joda-time/issues/566,Handle 2021 timezone data set changes
260,288780107,silverstripe/silverstripe-framework,2018-01-16T04:06:25Z,https://github.com/silverstripe/silverstripe-framework/issues/7761,https://api.github.com/repos/silverstripe/silverstripe-framework/issues/7761,Unorthogonal interface TextField Vs. HiddenField
261,483768936,kaminari/kaminari,2019-08-22T04:51:00Z,https://github.com/kaminari/kaminari/pull/1004,https://api.github.com/repos/kaminari/kaminari/issues/1004,"ALLOW negative pagination, with a warning instead of a halting error"
262,483355054,kaminari/kaminari,2019-08-21T11:08:30Z,https://github.com/kaminari/kaminari/issues/1001,https://api.github.com/repos/kaminari/kaminari/issues/1001,BUG: padding must not be negative
263,618265614,emscripten-core/emscripten,2020-05-14T14:13:05Z,https://github.com/emscripten-core/emscripten/issues/11163,https://api.github.com/repos/emscripten-core/emscripten/issues/11163,Add Visual Studio IDE integration and Intellisense awareness
264,986045665,psf/requests,2021-09-02T03:20:46Z,https://github.com/psf/requests/pull/5923,https://api.github.com/repos/psf/requests/issues/5923,General doc updates
265,458249013,locustio/locust,2019-06-19T22:11:51Z,https://github.com/locustio/locust/issues/1030,https://api.github.com/repos/locustio/locust/issues/1030,"Even with min_wait and max_wait == 0, I cannot break 100 requests per second. Why is that?"
266,917355114,matplotlib/matplotlib,2021-06-10T13:35:27Z,https://github.com/matplotlib/matplotlib/issues/20401,https://api.github.com/repos/matplotlib/matplotlib/issues/20401,3.4.2: setuptools build_sphinx command fails
267,574196668,matplotlib/matplotlib,2020-03-02T19:31:53Z,https://github.com/matplotlib/matplotlib/pull/16634,https://api.github.com/repos/matplotlib/matplotlib/issues/16634,Solution for 16631 : IndexFormatter() doesn't round to the nearest integer
268,105880443,matplotlib/matplotlib,2015-09-10T19:23:18Z,https://github.com/matplotlib/matplotlib/issues/5047,https://api.github.com/repos/matplotlib/matplotlib/issues/5047,Don't draw end caps on error bars by default
269,494492439,saltstack/salt,2019-09-17T08:58:08Z,https://github.com/saltstack/salt/issues/54508,https://api.github.com/repos/saltstack/salt/issues/54508,mount.mounted does not handle blanks properly
270,330697632,saltstack/salt,2018-06-08T15:11:40Z,https://github.com/saltstack/salt/pull/48035,https://api.github.com/repos/saltstack/salt/issues/48035,Provide python version mismatch solutions
271,315577064,saltstack/salt,2018-04-18T17:41:31Z,https://github.com/saltstack/salt/issues/47160,https://api.github.com/repos/saltstack/salt/issues/47160,pkg.install on Arch upgrades full OS as a default option.
272,409028181,SFML/SFML,2019-02-11T23:28:12Z,https://github.com/SFML/SFML/issues/1556,https://api.github.com/repos/SFML/SFML/issues/1556,Wow
273,1419674255,revanced/revanced-patches,"""2022-10-23T06:59:28Z""","""https://github.com/revanced/revanced-patches/issues/838""",https://api.github.com/repos/revanced/revanced-patches/issues/838,Videos not reliably loading for UK YouTube users
274,1089763044,LGBT-CN/LGBTQIA-In-China,"""2021-12-28T10:08:10Z""","""https://github.com/LGBT-CN/LGBTQIA-In-China/issues/149""",https://api.github.com/repos/LGBT-CN/LGBTQIA-In-China/issues/149,ËÆ≤‰∏â‰∏™Á¨ëËØù
275,1047632192,microsoft/winget-cli,"""2021-11-08T16:08:38Z""","""https://github.com/microsoft/winget-cli/issues/1684""",https://api.github.com/repos/microsoft/winget-cli/issues/1684,P.S.A. Holidays
276,1464916364,AdguardTeam/AdguardFilters,"""2022-11-25T20:41:20Z""","""https://github.com/AdguardTeam/AdguardFilters/issues/135799""",https://api.github.com/repos/AdguardTeam/AdguardFilters/issues/135799,daft.sex
277,1086819542,dresden-elektronik/deconz-rest-plugin,"""2021-12-22T13:23:57Z""","""https://github.com/dresden-elektronik/deconz-rest-plugin/issues/5599""",https://api.github.com/repos/dresden-elektronik/deconz-rest-plugin/issues/5599,Pairing Aqara Smart Wireless Switch WXKG11LM not working anymore with version 2.13.X
278,1283290082,nullworks/cathook,"""2022-06-24T05:45:44Z""","""https://github.com/nullworks/cathook/issues/1643""",https://api.github.com/repos/nullworks/cathook/issues/1643,YOU: üò≠üò≠üò≠üò≠üò≠üò≠üò≠üò≠üò≠üò≠üò≠üò≠üò≠üò≠üò≠üò≠üò≠üò≠üò≠üò≠üò≠üò≠üò≠üò≠üò≠üò≠üò≠üò≠üò≠üò≠üò≠
279,936567326,joncampbell123/dosbox-x,"""2021-07-05T00:03:02Z""","""https://github.com/joncampbell123/dosbox-x/issues/2642""",https://api.github.com/repos/joncampbell123/dosbox-x/issues/2642,LOADS of BUGS unworkable version 0.83.15 - NOT x86 assember/16bit DOS compatible - SANDBOX destroyed.
280,1308973136,LibreELEC/LibreELEC.tv,"""2022-07-19T04:45:26Z""","""https://github.com/LibreELEC/LibreELEC.tv/issues/6719""",https://api.github.com/repos/LibreELEC/LibreELEC.tv/issues/6719,[BUG] samba 4.16.x
281,1391469768,truecharts/charts,"""2022-09-29T20:37:43Z""","""https://github.com/truecharts/charts/issues/3963""",https://api.github.com/repos/truecharts/charts/issues/3963,[common/traefik] ingress not working with official traefik chart
282,1136028189,truecharts/charts,"""2022-02-13T15:40:29Z""","""https://github.com/truecharts/charts/issues/1888""",https://api.github.com/repos/truecharts/charts/issues/1888,"[qBitTorrent] When using OpenVPN, hostPath mounts do not mount"
283,1181103738,truecharts/charts,"""2022-03-25T18:25:27Z""","""https://github.com/truecharts/charts/issues/2281""",https://api.github.com/repos/truecharts/charts/issues/2281,Protonmail-bridge fails to initialise : pass not initialized
284,1449702890,truecharts/charts,"""2022-11-15T12:26:16Z""","""https://github.com/truecharts/charts/issues/4447""",https://api.github.com/repos/truecharts/charts/issues/4447,Prometheus installation fails with default settings
285,74803435,Sonarr/Sonarr,"""2015-02-25T06:17:44Z""","""https://github.com/Sonarr/Sonarr/issues/276""",https://api.github.com/repos/Sonarr/Sonarr/issues/276,Import new Series from IMDB Watch List
286,1204776791,LukeSmithxyz/based.cooking,"""2022-04-14T17:06:32Z""","""https://github.com/LukeSmithxyz/based.cooking/issues/750""",https://api.github.com/repos/LukeSmithxyz/based.cooking/issues/750,Site will be Redone in Hugo
287,1087047886,npm/cli,"""2021-12-22T17:43:16Z""","""https://github.com/npm/cli/issues/4188""",https://api.github.com/repos/npm/cli/issues/4188,see this sh*t
288,1335276663,citizenfx/fivem,"""2022-08-10T22:42:38Z""","""https://github.com/citizenfx/fivem/issues/1568""",https://api.github.com/repos/citizenfx/fivem/issues/1568,This is not a support platform. Try the forums at https://forum.cfx.re/ instead.
289,457401238,CadQuery/cadquery,"""2019-06-18T10:55:18Z""","""https://github.com/CadQuery/cadquery/issues/153""",https://api.github.com/repos/CadQuery/cadquery/issues/153,Allow other ways to install cadquery
290,119063763,telegramdesktop/tdesktop,"""2015-11-26T15:25:11Z""","""https://github.com/telegramdesktop/tdesktop/issues/1333""",https://api.github.com/repos/telegramdesktop/tdesktop/issues/1333,Hover-activated buttons yes/no?
291,1190959350,helium/HIP,"""2022-04-03T15:16:55Z""","""https://github.com/helium/HIP/issues/382""",https://api.github.com/repos/helium/HIP/issues/382,HIP 100
292,1128211306,whatwg/html,"""2022-02-09T08:34:31Z""","""https://github.com/whatwg/html/issues/7594""",https://api.github.com/repos/whatwg/html/issues/7594,Formal complaint: search element standardization
293,522727008,Sonarr/Sonarr,"""2019-11-14T09:24:09Z""","""https://github.com/Sonarr/Sonarr/issues/3394""",https://api.github.com/repos/Sonarr/Sonarr/issues/3394,Prevent Downgrading Language during Quality Upgrade
294,1215298581,sherlock-project/sherlock,"""2022-04-26T02:52:40Z""","""https://github.com/sherlock-project/sherlock/issues/1322""",https://api.github.com/repos/sherlock-project/sherlock/issues/1322,Noonewilleverusethis
295,349736129,tutao/tutanota,"""2018-08-11T14:00:36Z""","""https://github.com/tutao/tutanota/issues/516""",https://api.github.com/repos/tutao/tutanota/issues/516,Provide a way to set sender name per email address
296,831174119,GTNewHorizons/GT-New-Horizons-Modpack,"""2021-03-14T14:43:18Z""","""https://github.com/GTNewHorizons/GT-New-Horizons-Modpack/issues/7628""",https://api.github.com/repos/GTNewHorizons/GT-New-Horizons-Modpack/issues/7628,Alumite recipe oversight
297,661878608,mozilla-mobile/fenix,"""2020-07-20T14:18:23Z""","""https://github.com/mozilla-mobile/fenix/issues/12731""",https://api.github.com/repos/mozilla-mobile/fenix/issues/12731,"When switching tabs, newly active tabs always reload"
298,1307091650,microsoft/TypeScript,"""2022-07-17T13:02:09Z""","""https://github.com/microsoft/TypeScript/issues/49932""",https://api.github.com/repos/microsoft/TypeScript/issues/49932,"Rename ""tsconfig.json"" to ""tpsconfig.json"" due to transphobia"
299,724775047,TeamNewPipe/NewPipeExtractor,"""2020-06-01T20:55:35Z""","""https://github.com/TeamNewPipe/NewPipeExtractor/issues/434""",https://api.github.com/repos/TeamNewPipe/NewPipeExtractor/issues/434,Add support lbry.tv / odysee.com
300,1149608900,ViaVersion/ViaVersion,"""2022-02-24T18:28:20Z""","""https://github.com/ViaVersion/ViaVersion/issues/2826""",https://api.github.com/repos/ViaVersion/ViaVersion/issues/2826,Issues with ViaVersion Spigot injector
301,30381958,PCSX2/pcsx2,"""2014-03-28T12:08:00Z""","""https://github.com/PCSX2/pcsx2/issues/10""",https://api.github.com/repos/PCSX2/pcsx2/issues/10,Feature Request: xBR shader and xBRZ filter for GSDX in both PS2 and PSX mode.
302,123161978,PCSX2/pcsx2,"""2015-12-20T14:13:03Z""","""https://github.com/PCSX2/pcsx2/issues/1047""",https://api.github.com/repos/PCSX2/pcsx2/issues/1047,DX12 and Vulkan backends?
303,941489296,mozilla/sccache,"""2021-07-11T16:33:44Z""","""https://github.com/mozilla/sccache/issues/1019""",https://api.github.com/repos/mozilla/sccache/issues/1019,Please provide a new release
304,1100433367,nexe/nexe,"""2022-01-12T14:51:37Z""","""https://github.com/nexe/nexe/issues/952""",https://api.github.com/repos/nexe/nexe/issues/952,How to create my own nexe prebuilt binary ? 
305,843213515,MvvmCross/MvvmCross,"""2021-03-29T10:09:09Z""","""https://github.com/MvvmCross/MvvmCross/issues/4138""",https://api.github.com/repos/MvvmCross/MvvmCross/issues/4138,Future of MVVMCross with .NET 6.0 and MAUI
306,268049628,pypa/pipenv,"""2017-10-24T14:15:40Z""","""https://github.com/pypa/pipenv/issues/966""",https://api.github.com/repos/pypa/pipenv/issues/966,Updating only one locked dependency
307,491673141,strapi/strapi,"""2019-09-10T13:29:08Z""","""https://github.com/strapi/strapi/issues/3946""",https://api.github.com/repos/strapi/strapi/issues/3946,Ordering Content Type entries in the List view (preferably using drag and drop)
308,1058585621,oven-sh/bun,"""2021-11-19T14:23:51Z""","""https://github.com/oven-sh/bun/issues/67""",https://api.github.com/repos/oven-sh/bun/issues/67,Create a build of Bun that doesn‚Äôt need AVX2 instructions
309,1279826564,microsoft/vscode,"""2022-06-22T09:10:46Z""","""https://github.com/microsoft/vscode/issues/152847""",https://api.github.com/repos/microsoft/vscode/issues/152847,Scrollbar & Extension Minor Bug
310,1213461044,vuetifyjs/vuetify,"""2022-04-23T21:44:25Z""","""https://github.com/vuetifyjs/vuetify/issues/14984""",https://api.github.com/repos/vuetifyjs/vuetify/issues/14984,[Task] Vuetify 3 Release Checklist
311,1221806426,TryGhost/Ghost,"""2022-04-30T11:16:11Z""","""https://github.com/TryGhost/Ghost/issues/14634""",https://api.github.com/repos/TryGhost/Ghost/issues/14634,Migration error on newsletter when upgrading past v4.46.0 [MariaDB]
312,1414333398,PrismLauncher/Translations,"""2022-10-19T05:49:11Z""","""https://github.com/PrismLauncher/Translations/issues/1""",https://api.github.com/repos/PrismLauncher/Translations/issues/1,Is new PolyMC?
313,40896758,thoughtbot/factory_bot,2014-08-22T10:29:31Z,https://github.com/thoughtbot/factory_bot/issues/683,https://api.github.com/repos/thoughtbot/factory_bot/issues/683,How Factory Girl create association with existing object?
314,307906799,FreeRADIUS/freeradius-server,2018-03-23T05:25:32Z,https://github.com/FreeRADIUS/freeradius-server/issues/2199,https://api.github.com/repos/FreeRADIUS/freeradius-server/issues/2199,Source port is not reset for UDP connections
315,382189305,FreeRADIUS/freeradius-server,2018-11-19T12:17:44Z,https://github.com/FreeRADIUS/freeradius-server/issues/2356,https://api.github.com/repos/FreeRADIUS/freeradius-server/issues/2356,"Could you unsubscribe my email list, it's spam"
316,429401662,rails/rails,2019-04-04T17:38:40Z,https://github.com/rails/rails/issues/35859,https://api.github.com/repos/rails/rails/issues/35859,complaint
317,432631890,FreeRADIUS/freeradius-server,2019-04-12T15:48:23Z,https://github.com/FreeRADIUS/freeradius-server/issues/2611,https://api.github.com/repos/FreeRADIUS/freeradius-server/issues/2611,v3.0.19 fails to build with libressl
318,503273161,FreeRADIUS/freeradius-server,2019-10-07T07:16:46Z,https://github.com/FreeRADIUS/freeradius-server/issues/3029,https://api.github.com/repos/FreeRADIUS/freeradius-server/issues/3029,Build failure 3.0.19
319,556620312,rails/rails,2020-01-29T03:55:37Z,https://github.com/rails/rails/issues/38343,https://api.github.com/repos/rails/rails/issues/38343,cannot require file in lib folder
320,707573131,FreeRADIUS/freeradius-server,2020-09-23T18:09:06Z,https://github.com/FreeRADIUS/freeradius-server/issues/3661,https://api.github.com/repos/FreeRADIUS/freeradius-server/issues/3661,rlm_sql_mongo.so is Missing
321,1650622770,FreeRADIUS/freeradius-server,2023-04-01T19:57:40Z,https://github.com/FreeRADIUS/freeradius-server/issues/4952,https://api.github.com/repos/FreeRADIUS/freeradius-server/issues/4952,[defect]: Python3 module still crashes freeradius
322,528942466,chocolate-doom/chocolate-doom,2019-11-26T19:59:57Z,https://github.com/chocolate-doom/chocolate-doom/issues/1219,https://api.github.com/repos/chocolate-doom/chocolate-doom/issues/1219,Feature Request: Optionally Raise Some or All Vanilla Engine Limits
323,81567058,gabordemooij/redbean,2015-05-27T18:28:17Z,https://github.com/gabordemooij/redbean/issues/450,https://api.github.com/repos/gabordemooij/redbean/issues/450,Add Signify / GnuPG signatures to download package
324,777338361,spring/spring,2021-01-01T19:22:49Z,https://github.com/spring/spring/pull/550,https://api.github.com/repos/spring/spring/issues/550,Update cleanup.sh so that testversions of engine kept longer for download
325,406907882,spring/spring,2019-02-05T18:06:53Z,https://github.com/spring/spring/pull/427,https://api.github.com/repos/spring/spring/issues/427,Attempts to add timeout support for lua unit commands
326,1335371535,truecharts/charts,"""2022-08-11T01:38:17Z""","""https://github.com/truecharts/charts/issues/3436""",https://api.github.com/repos/truecharts/charts/issues/3436,Revert #3426
327,770384781,flutter/flutter,"""2020-12-17T21:34:10Z""","""https://github.com/flutter/flutter/issues/72555""",https://api.github.com/repos/flutter/flutter/issues/72555,Check security advisories
328,1442544013,flutter/flutter,"""2022-11-09T18:16:27Z""","""https://github.com/flutter/flutter/issues/115007""",https://api.github.com/repos/flutter/flutter/issues/115007,gradle build broken upgrading from Flutter SDK 2.8.1 -> 3.3
329,1211570918,pinojs/pino,"""2022-04-21T21:28:24Z""","""https://github.com/pinojs/pino/issues/1411""",https://api.github.com/repos/pinojs/pino/issues/1411,Can not reuse Pino-pretty before sending message to any target 
330,1160500635,MicrosoftDocs/Contribute,"""2022-03-06T02:41:08Z""","""https://github.com/MicrosoftDocs/Contribute/issues/603""",https://api.github.com/repos/MicrosoftDocs/Contribute/issues/603,**** you guys
331,774501385,deepmodeling/deepmd-kit,"""2020-12-24T16:12:52Z""","""https://github.com/deepmodeling/deepmd-kit/issues/314""",https://api.github.com/repos/deepmodeling/deepmd-kit/issues/314,See here if you want to ask questions
332,1013314736,ruby/www.ruby-lang.org,"""2021-10-01T12:58:51Z""","""https://github.com/ruby/www.ruby-lang.org/issues/2694""",https://api.github.com/repos/ruby/www.ruby-lang.org/issues/2694,Revert 2690
333,1473837925,mate-desktop/caja,"""2022-12-03T08:06:27Z""","""https://github.com/mate-desktop/caja/issues/1685""",https://api.github.com/repos/mate-desktop/caja/issues/1685,Apparently spontaneous crash
334,1127749209,microsoft/winget-pkgs,"""2022-02-08T20:55:49Z""","""https://github.com/microsoft/winget-pkgs/issues/45460""",https://api.github.com/repos/microsoft/winget-pkgs/issues/45460,[Bug]: Pipelines aren't running
335,1269479010,citizenfx/fivem,"""2022-06-13T13:56:37Z""","""https://github.com/citizenfx/fivem/issues/1488""",https://api.github.com/repos/citizenfx/fivem/issues/1488,C# NUI Callback TargetInvocationException
336,1173784895,citizenfx/fivem,"""2022-03-18T16:30:25Z""","""https://github.com/citizenfx/fivem/issues/1330""",https://api.github.com/repos/citizenfx/fivem/issues/1330,Result argument safety in javascript
337,1393703235,CastagnaIT/plugin.video.netflix,"""2022-10-02T09:38:58Z""","""https://github.com/CastagnaIT/plugin.video.netflix/issues/1437""",https://api.github.com/repos/CastagnaIT/plugin.video.netflix/issues/1437,Netflix issue when trying to switch profiles
338,1396696603,CastagnaIT/plugin.video.netflix,"""2022-10-04T18:42:35Z""","""https://github.com/CastagnaIT/plugin.video.netflix/issues/1446""",https://api.github.com/repos/CastagnaIT/plugin.video.netflix/issues/1446,[plugin.video.netflix (0)] IPC callback raised exception: 404 Client Error: (Kodi 18)
339,722281859,vuepress-theme-hope/vuepress-theme-hope,"""2020-10-15T12:17:06Z""","""https://github.com/vuepress-theme-hope/vuepress-theme-hope/issues/402""",https://api.github.com/repos/vuepress-theme-hope/vuepress-theme-hope/issues/402,[Roadmap]: V2 plan with VuePress2
340,286848335,json-schema-org/json-schema-spec,"""2018-01-08T18:52:41Z""","""https://github.com/json-schema-org/json-schema-spec/issues/529""",https://api.github.com/repos/json-schema-org/json-schema-spec/issues/529,Code of Conduct
341,1160410716,reactjs/reactjs.org,"""2022-03-05T17:55:21Z""","""https://github.com/reactjs/reactjs.org/issues/4431""",https://api.github.com/repos/reactjs/reactjs.org/issues/4431,dogs_
342,1160417956,reactjs/reactjs.org,"""2022-03-05T18:30:34Z""","""https://github.com/reactjs/reactjs.org/issues/4432""",https://api.github.com/repos/reactjs/reactjs.org/issues/4432,"Are you guys the running dogs of the United States? As a technical party, why do you stand in line with Ukraine"
343,1302976360,MicrosoftDocs/memdocs,"""2022-07-13T06:41:17Z""","""https://github.com/MicrosoftDocs/memdocs/issues/2933""",https://api.github.com/repos/MicrosoftDocs/memdocs/issues/2933,Windows 365 CRAP
344,1514160477,WeakAuras/WeakAuras2,"""2022-12-30T00:56:52Z""","""https://github.com/WeakAuras/WeakAuras2/issues/4183""",https://api.github.com/repos/WeakAuras/WeakAuras2/issues/4183,"When anchoring weakauras associated with trinkets to the Plater Personal resource display, cause everything else anchored to the Plater personal resource display to bug out"
345,1107373635,nvim-treesitter/nvim-treesitter,"""2022-01-18T21:21:04Z""","""https://github.com/nvim-treesitter/nvim-treesitter/issues/2293""",https://api.github.com/repos/nvim-treesitter/nvim-treesitter/issues/2293,Notice of Breaking Changes
346,1097100861,electron/electron-rebuild,"""2022-01-09T04:14:06Z""","""https://github.com/electron/electron-rebuild/issues/948""",https://api.github.com/repos/electron/electron-rebuild/issues/948,unreadable output while using electron-rebuild 
347,1093353244,James-Yu/LaTeX-Workshop,"""2022-01-04T13:24:46Z""","""https://github.com/James-Yu/LaTeX-Workshop/issues/3037""",https://api.github.com/repos/James-Yu/LaTeX-Workshop/issues/3037,Improve the logging of commands and theirs arguments
348,1075975020,James-Yu/LaTeX-Workshop,"""2021-12-09T20:22:11Z""","""https://github.com/James-Yu/LaTeX-Workshop/issues/3005""",https://api.github.com/repos/James-Yu/LaTeX-Workshop/issues/3005,Viewer doesn't update when using watching compile while being remotly connected to container
349,1153731840,James-Yu/LaTeX-Workshop,"""2022-02-28T07:07:58Z""","""https://github.com/James-Yu/LaTeX-Workshop/issues/3171""",https://api.github.com/repos/James-Yu/LaTeX-Workshop/issues/3171,No build/view buttons and command keybindings in LaTeX-expl3
350,1090473508,James-Yu/LaTeX-Workshop,"""2021-12-29T12:02:32Z""","""https://github.com/James-Yu/LaTeX-Workshop/issues/3026""",https://api.github.com/repos/James-Yu/LaTeX-Workshop/issues/3026,Drop support for LaTeX Utilities
351,1201901612,James-Yu/LaTeX-Workshop,"""2022-04-12T14:02:54Z""","""https://github.com/James-Yu/LaTeX-Workshop/issues/3248""",https://api.github.com/repos/James-Yu/LaTeX-Workshop/issues/3248,New release
352,1097421627,James-Yu/LaTeX-Workshop,"""2022-01-10T03:34:13Z""","""https://github.com/James-Yu/LaTeX-Workshop/issues/3050""",https://api.github.com/repos/James-Yu/LaTeX-Workshop/issues/3050,Forward SyncTeX moves the panel of the internal PDF viewer into the current editor group
353,1090475055,James-Yu/LaTeX-Workshop,"""2021-12-29T12:05:11Z""","""https://github.com/James-Yu/LaTeX-Workshop/issues/3027""",https://api.github.com/repos/James-Yu/LaTeX-Workshop/issues/3027,Magic comments disabled by default 
354,1402211429,Pryaxis/TShock,"""2022-10-09T09:19:11Z""","""https://github.com/Pryaxis/TShock/issues/2708""",https://api.github.com/repos/Pryaxis/TShock/issues/2708,Support TShock 1.4.4
355,1402253291,Pryaxis/TShock,"""2022-10-09T12:03:12Z""","""https://github.com/Pryaxis/TShock/issues/2710""",https://api.github.com/repos/Pryaxis/TShock/issues/2710,"Doesn't work for 1.4.4, update it please!"
356,1285334524,AdguardTeam/AdguardFilters,"""2022-06-27T06:53:36Z""","""https://github.com/AdguardTeam/AdguardFilters/issues/122856""",https://api.github.com/repos/AdguardTeam/AdguardFilters/issues/122856,Google Play: com.nineyi.shop.s002131
357,1247545715,sass/node-sass,"""2022-05-25T06:14:40Z""","""https://github.com/sass/node-sass/issues/3274""",https://api.github.com/repos/sass/node-sass/issues/3274,Fuck node sass
358,1476730615,fastify/fastify,"""2022-12-05T14:45:28Z""","""https://github.com/fastify/fastify/issues/4461""",https://api.github.com/repos/fastify/fastify/issues/4461,The introductory documentation is so sketchy that it is impossible to start a complete demo !
359,814840135,microsoft/clrmd,"""2021-02-23T21:20:50Z""","""https://github.com/microsoft/clrmd/issues/892""",https://api.github.com/repos/microsoft/clrmd/issues/892,"ClrMD will be renaming the ""master"" branch to ""main"""
360,362259981,phusion/passenger,2018-09-20T16:10:26Z,https://github.com/phusion/passenger/issues/2122,https://api.github.com/repos/phusion/passenger/issues/2122,Ubuntu 18.04 packages fail to install 
361,1897778633,FreeRADIUS/freeradius-server,2023-09-15T06:17:07Z,https://github.com/FreeRADIUS/freeradius-server/issues/5182,https://api.github.com/repos/FreeRADIUS/freeradius-server/issues/5182,Question about fixing memory leak
362,1959812102,factor/factor,2023-10-24T18:13:21Z,https://github.com/factor/factor/pull/2903,https://api.github.com/repos/factor/factor/issues/2903,Update README.md
363,855420175,jquery/jquery,2021-04-11T22:12:41Z,https://github.com/jquery/jquery/issues/4872,https://api.github.com/repos/jquery/jquery/issues/4872,[spam]
364,586054883,memcached/memcached,2020-03-23T09:21:26Z,https://github.com/memcached/memcached/issues/629,https://api.github.com/repos/memcached/memcached/issues/629,(Remote DOS attack) 0day buffer overflow vulnerability reveal
365,305030419,git-tfs/git-tfs,2018-03-14T05:44:03Z,https://github.com/git-tfs/git-tfs/issues/1181,https://api.github.com/repos/git-tfs/git-tfs/issues/1181,gitkraken stuck in an infinite loop on startup
366,1014671924,ohmyzsh/ohmyzsh,2021-10-04T03:00:08Z,https://github.com/ohmyzsh/ohmyzsh/pull/10259,https://api.github.com/repos/ohmyzsh/ohmyzsh/issues/10259,Made some Grammatic correction
367,303711240,gradle/gradle,2018-03-09T03:23:40Z,https://github.com/gradle/gradle/issues/4660,https://api.github.com/repos/gradle/gradle/issues/4660,Go to this tour by sbyxlmm
368,303710144,gradle/gradle,2018-03-09T03:16:36Z,https://github.com/gradle/gradle/issues/4658,https://api.github.com/repos/gradle/gradle/issues/4658,____
369,299244712,npm/npm,2018-02-22T07:14:50Z,https://github.com/npm/npm/issues/19886,https://api.github.com/repos/npm/npm/issues/19886,ayuda porfavor! la pantalla tiembla! | please help! the screen shakes!
370,119143420,rails/rails,2015-11-27T07:09:12Z,https://github.com/rails/rails/issues/22424,https://api.github.com/repos/rails/rails/issues/22424,Decimal: Check attribute has value (with attrname?)
371,163697977,sparklemotion/nokogiri,2016-07-04T15:25:32Z,https://github.com/sparklemotion/nokogiri/issues/1504,https://api.github.com/repos/sparklemotion/nokogiri/issues/1504,GEM INSTALLING NOKOGIRI SHOULD JUST WORK
372,128495560,sparklemotion/nokogiri,2016-01-25T09:32:14Z,https://github.com/sparklemotion/nokogiri/issues/1419,https://api.github.com/repos/sparklemotion/nokogiri/issues/1419,Problem with 'parse' method
373,1084937435,JuliaLang/julia,2021-12-20T15:46:13Z,https://github.com/JuliaLang/julia/issues/43492,https://api.github.com/repos/JuliaLang/julia/issues/43492,Accessing float arrays allocates memory
374,352373552,JuliaLang/julia,2018-08-21T03:36:57Z,https://github.com/JuliaLang/julia/issues/28789,https://api.github.com/repos/JuliaLang/julia/issues/28789,Global variable scope rules lead to unintuitive behavior at the REPL/notebook
375,1524714133,EasyNetQ/EasyNetQ,2023-01-08T22:47:07Z,https://github.com/EasyNetQ/EasyNetQ/pull/1586,https://api.github.com/repos/EasyNetQ/EasyNetQ/issues/1586,Convert message properties to readonly struct
376,603093257,EasyNetQ/EasyNetQ,2020-04-20T09:39:10Z,https://github.com/EasyNetQ/EasyNetQ/pull/1021,https://api.github.com/repos/EasyNetQ/EasyNetQ/issues/1021,Fix deadlock when disposing internal consumers
377,1659625133,doctrine/DoctrineFixturesBundle,2023-04-08T19:40:42Z,https://github.com/doctrine/DoctrineFixturesBundle/pull/381,https://api.github.com/repos/doctrine/DoctrineFixturesBundle/issues/381,"add ""void"" as a native return type declaration"
378,1906791437,mozilla/pdf.js,2023-09-21T11:50:35Z,https://github.com/mozilla/pdf.js/issues/16997,https://api.github.com/repos/mozilla/pdf.js/issues/16997,Could you please explain why the default full viewer cannot be directly used??????
379,1314537659,mozilla/pdf.js,2022-07-22T07:36:40Z,https://github.com/mozilla/pdf.js/issues/15207,https://api.github.com/repos/mozilla/pdf.js/issues/15207,PDF Text added by Supplier to Template not displaying in iframe
380,1170768726,WordPress/WordPress-Coding-Standards,2022-03-16T09:40:05Z,https://github.com/WordPress/WordPress-Coding-Standards/issues/2033,https://api.github.com/repos/WordPress/WordPress-Coding-Standards/issues/2033,Fixer for missing parentheses adds them to the wrong place in one case
381,1107247166,WordPress/WordPress-Coding-Standards,2022-01-18T18:46:56Z,https://github.com/WordPress/WordPress-Coding-Standards/pull/2024,https://api.github.com/repos/WordPress/WordPress-Coding-Standards/issues/2024,Issue/trim error
382,1034930502,JodaOrg/joda-time,2021-10-25T10:03:03Z,https://github.com/JodaOrg/joda-time/pull/575,https://api.github.com/repos/JodaOrg/joda-time/issues/575,Using the correct spelling for the capital of Ukraine (Kyiv instead of Kiev).
383,1034926389,JodaOrg/joda-time,2021-10-25T09:59:21Z,https://github.com/JodaOrg/joda-time/issues/574,https://api.github.com/repos/JodaOrg/joda-time/issues/574,KyivNotKiev
384,1034782242,JodaOrg/joda-time,2021-10-25T07:35:11Z,https://github.com/JodaOrg/joda-time/pull/572,https://api.github.com/repos/JodaOrg/joda-time/issues/572,Using the correct spelling for the capital of Ukraine (Kyiv instead of Kiev).
385,1034748634,JodaOrg/joda-time,2021-10-25T06:55:34Z,https://github.com/JodaOrg/joda-time/issues/571,https://api.github.com/repos/JodaOrg/joda-time/issues/571,KyivNotKiev
386,652371218,heroku/heroku-buildpack-ruby,2020-07-07T14:29:03Z,https://github.com/heroku/heroku-buildpack-ruby/issues/1032,https://api.github.com/repos/heroku/heroku-buildpack-ruby/issues/1032,"Switch buildpack from ""master"" to ""main"""
387,1190943329,cucumber/cucumber-js,2022-04-03T14:13:44Z,https://github.com/cucumber/cucumber-js/issues/1983,https://api.github.com/repos/cucumber/cucumber-js/issues/1983,Cucumber-js web-site cannot be opened in Belarus
388,1176509018,cucumber/cucumber-js,2022-03-22T09:31:36Z,https://github.com/cucumber/cucumber-js/issues/1961,https://api.github.com/repos/cucumber/cucumber-js/issues/1961,Please join to us #standwithukraine
389,372725525,gatling/gatling,2018-10-22T22:24:44Z,https://github.com/gatling/gatling/issues/3580,https://api.github.com/repos/gatling/gatling/issues/3580,Expose report generator as public interface 
390,370963615,gatling/gatling,2018-10-17T08:48:50Z,https://github.com/gatling/gatling/issues/3571,https://api.github.com/repos/gatling/gatling/issues/3571,Test summary logged using println
391,332965663,gatling/gatling,2018-06-16T06:44:05Z,https://github.com/gatling/gatling/issues/3474,https://api.github.com/repos/gatling/gatling/issues/3474,gatling stuck when project has other dependencies
392,902425731,frappe/erpnext,2021-05-26T13:51:11Z,https://github.com/frappe/erpnext/pull/25845,https://api.github.com/repos/frappe/erpnext/issues/25845,fix: production plan not fetching sales order of a variant
393,1353459869,composer/composer,2022-08-28T20:24:22Z,https://github.com/composer/composer/issues/11031,https://api.github.com/repos/composer/composer/issues/11031,#StandWithUkraine
394,1329147554,composer/composer,2022-08-04T20:33:48Z,https://github.com/composer/composer/issues/10983,https://api.github.com/repos/composer/composer/issues/10983,#stand with ukraine political statement 
395,1299391458,composer/composer,2022-07-08T19:48:26Z,https://github.com/composer/composer/issues/10931,https://api.github.com/repos/composer/composer/issues/10931,TU FEZ A PIOR BOSTA QUE ALGUEM JA FEZ
396,1278268505,composer/composer,2022-06-21T10:54:11Z,https://github.com/composer/composer/issues/10889,https://api.github.com/repos/composer/composer/issues/10889,Info from https://repo.packagist.org
397,1251713538,composer/composer,2022-05-28T20:00:41Z,https://github.com/composer/composer/issues/10807,https://api.github.com/repos/composer/composer/issues/10807,Any chance to remove the #StandWithUkraine ?
398,1166065051,composer/composer,2022-03-11T06:49:27Z,https://github.com/composer/composer/issues/10609,https://api.github.com/repos/composer/composer/issues/10609,CLEAN Composer released
399,1166060886,composer/composer,2022-03-11T06:42:23Z,https://github.com/composer/composer/issues/10608,https://api.github.com/repos/composer/composer/issues/10608,"Sorry [redacted], we do not support double standards! We do not care if you do not support Ukraine"
400,1165880637,composer/composer,2022-03-11T00:54:12Z,https://github.com/composer/composer/issues/10606,https://api.github.com/repos/composer/composer/issues/10606,
401,1165300669,composer/composer,2022-03-10T14:30:18Z,https://github.com/composer/composer/pull/10604,https://api.github.com/repos/composer/composer/issues/10604,block all russians from using composer
402,510675125,composer/composer,2019-10-22T13:57:33Z,https://github.com/composer/composer/issues/8387,https://api.github.com/repos/composer/composer/issues/8387,[RFC] Add autoloader root directory config
403,376348803,composer/composer,2018-11-01T11:09:34Z,https://github.com/composer/composer/issues/7764,https://api.github.com/repos/composer/composer/issues/7764,1.7.3. breaks composer.lock
404,347951340,composer/composer,2018-08-06T14:37:47Z,https://github.com/composer/composer/issues/7526,https://api.github.com/repos/composer/composer/issues/7526,Allow multiple package versions to be installed in parallel
405,124545273,composer/composer,2016-01-01T13:50:09Z,https://github.com/composer/composer/issues/4745,https://api.github.com/repos/composer/composer/issues/4745,composer my nightmare
406,24996968,composer/composer,2014-01-03T01:04:28Z,https://github.com/composer/composer/issues/2545,https://api.github.com/repos/composer/composer/issues/2545,Support for users without SSH access
407,1958701035,composer/packagist,2023-10-24T07:49:48Z,https://github.com/composer/packagist/pull/1401,https://api.github.com/repos/composer/packagist/issues/1401,Add #StandWithPalestine banner to updates ____ 
408,1555523328,composer/packagist,2023-01-24T19:08:38Z,https://github.com/composer/packagist/pull/1357,https://api.github.com/repos/composer/packagist/issues/1357,Update SymlinkDumper.php
409,1174122161,composer/packagist,2022-03-19T00:18:44Z,https://github.com/composer/packagist/issues/1276,https://api.github.com/repos/composer/packagist/issues/1276,Remove #StandWithUkraine
410,1167187542,composer/packagist,2022-03-12T05:34:35Z,https://github.com/composer/packagist/issues/1271,https://api.github.com/repos/composer/packagist/issues/1271,Remove politics from update banner
411,1166956712,composer/packagist,2022-03-11T22:52:08Z,https://github.com/composer/packagist/pull/1270,https://api.github.com/repos/composer/packagist/issues/1270,feat(peace): remove #StandWithUkraine
412,1165209319,composer/packagist,2022-03-10T13:14:13Z,https://github.com/composer/packagist/issues/1268,https://api.github.com/repos/composer/packagist/issues/1268,Where is #StandWithPalestine ?
413,1163541364,composer/packagist,2022-03-09T06:26:34Z,https://github.com/composer/packagist/pull/1267,https://api.github.com/repos/composer/packagist/issues/1267,remove #StandWithUkraine banner to updates
414,1943190932,php/php-src,2023-10-14T11:06:24Z,https://github.com/php/php-src/issues/12434,https://api.github.com/repos/php/php-src/issues/12434,Better name for method Randomizer::nextFloat()
415,1687989535,php/php-src,2023-04-28T06:40:01Z,https://github.com/php/php-src/issues/11150,https://api.github.com/repos/php/php-src/issues/11150,DateTimeImmutable::createFromFormat parses non-existing timezone offsets
416,1291899006,php/php-src,2022-07-01T23:10:08Z,https://github.com/php/php-src/issues/8906,https://api.github.com/repos/php/php-src/issues/8906,wish: config option to make undefined array key a notice again
417,525140367,php/php-src,2019-11-19T17:01:19Z,https://github.com/php/php-src/pull/4934,https://api.github.com/repos/php/php-src/issues/4934,Add fraction date constants
418,567185616,Homebrew/homebrew-bundle,2020-02-18T22:02:12Z,https://github.com/Homebrew/homebrew-bundle/issues/644,https://api.github.com/repos/Homebrew/homebrew-bundle/issues/644,Where are the docs?
419,276835188,Homebrew/homebrew-bundle,2017-11-26T16:00:44Z,https://github.com/Homebrew/homebrew-bundle/issues/308,https://api.github.com/repos/Homebrew/homebrew-bundle/issues/308,bundle dump w/ mas resulting in segmentation fault