,issue_id,project_full_name,created_at,html_url,api_url
0,352750519,rails/rails,2018-08-21T23:48:12Z,https://github.com/rails/rails/issues/33677,https://api.github.com/repos/rails/rails/issues/33677
1,503451343,ruby-i18n/i18n,2019-10-07T13:25:51Z,https://github.com/ruby-i18n/i18n/pull/492,https://api.github.com/repos/ruby-i18n/i18n/pull/492
2,305814776,sparklemotion/nokogiri,2018-03-16T06:22:07Z,https://github.com/sparklemotion/nokogiri/issues/1736,https://api.github.com/repos/sparklemotion/nokogiri/issues/1736
3,286791320,sparklemotion/nokogiri,2018-01-08T15:54:00Z,https://github.com/sparklemotion/nokogiri/issues/1709,https://api.github.com/repos/sparklemotion/nokogiri/issues/1709
4,732267627,FreeRADIUS/freeradius-server,2020-10-29T12:22:22Z,https://github.com/FreeRADIUS/freeradius-server/pull/3710,https://api.github.com/repos/FreeRADIUS/freeradius-server/pull/3710
5,569316203,jekyll/jekyll,2020-02-22T10:38:44Z,https://github.com/jekyll/jekyll/issues/8019,https://api.github.com/repos/jekyll/jekyll/issues/8019
6,393681341,jekyll/jekyll,2018-12-22T15:23:14Z,https://github.com/jekyll/jekyll/issues/7432,https://api.github.com/repos/jekyll/jekyll/issues/7432
7,316610337,jekyll/jekyll,2018-04-22T20:25:31Z,https://github.com/jekyll/jekyll/issues/6948,https://api.github.com/repos/jekyll/jekyll/issues/6948
8,304422453,jekyll/jekyll,2018-03-12T15:34:02Z,https://github.com/jekyll/jekyll/issues/6844,https://api.github.com/repos/jekyll/jekyll/issues/6844
9,340595516,mojolicious/mojo,2018-07-12T11:19:18Z,https://github.com/mojolicious/mojo/issues/1238,https://api.github.com/repos/mojolicious/mojo/issues/1238
10,340189202,mojolicious/mojo,2018-07-11T10:47:31Z,https://github.com/mojolicious/mojo/issues/1236,https://api.github.com/repos/mojolicious/mojo/issues/1236
11,333693227,jasmine/jasmine,2018-06-19T14:18:37Z,https://github.com/jasmine/jasmine/issues/1570,https://api.github.com/repos/jasmine/jasmine/issues/1570
12,249811390,gitextensions/gitextensions,2017-08-12T13:11:55Z,https://github.com/gitextensions/gitextensions/pull/3898,https://api.github.com/repos/gitextensions/gitextensions/pull/3898
13,318673916,rack/rack,2018-04-28T22:41:04Z,https://github.com/rack/rack/pull/1272,https://api.github.com/repos/rack/rack/pull/1272
14,608513361,chef/ohai,2020-04-28T18:10:10Z,https://github.com/chef/ohai/issues/1458,https://api.github.com/repos/chef/ohai/issues/1458
15,1156931157,rubygems/rubygems.org,2022-03-02T09:47:25Z,https://github.com/rubygems/rubygems.org/issues/2977,https://api.github.com/repos/rubygems/rubygems.org/issues/2977
16,13258430,capistrano/capistrano,2013-04-16T17:39:09Z,https://github.com/capistrano/capistrano/issues/440,https://api.github.com/repos/capistrano/capistrano/issues/440
17,488965754,django-extensions/django-extensions,2019-09-04T06:23:48Z,https://github.com/django-extensions/django-extensions/issues/1414,https://api.github.com/repos/django-extensions/django-extensions/issues/1414
18,1527268155,celery/celery,2023-01-10T11:59:48Z,https://github.com/celery/celery/issues/8000,https://api.github.com/repos/celery/celery/issues/8000
19,613337048,apache/couchdb,2020-05-06T13:51:40Z,https://github.com/apache/couchdb/issues/2873,https://api.github.com/repos/apache/couchdb/issues/2873
20,869840472,GoldenCheetah/GoldenCheetah,2021-04-28T11:28:04Z,https://github.com/GoldenCheetah/GoldenCheetah/issues/3879,https://api.github.com/repos/GoldenCheetah/GoldenCheetah/issues/3879
21,548445007,GoldenCheetah/GoldenCheetah,2020-01-11T15:47:22Z,https://github.com/GoldenCheetah/GoldenCheetah/issues/3292,https://api.github.com/repos/GoldenCheetah/GoldenCheetah/issues/3292
22,540979735,GoldenCheetah/GoldenCheetah,2019-12-20T12:50:02Z,https://github.com/GoldenCheetah/GoldenCheetah/issues/3269,https://api.github.com/repos/GoldenCheetah/GoldenCheetah/issues/3269
23,814421264,expressjs/express,2021-02-23T12:31:48Z,https://github.com/expressjs/express/issues/4535,https://api.github.com/repos/expressjs/express/issues/4535
24,577744765,expressjs/express,2020-03-09T08:47:07Z,https://github.com/expressjs/express/pull/4210,https://api.github.com/repos/expressjs/express/pull/4210
25,907232677,zeromq/libzmq,2021-05-31T08:24:44Z,https://github.com/zeromq/libzmq/pull/4202,https://api.github.com/repos/zeromq/libzmq/pull/4202
26,1616936787,ohmyzsh/ohmyzsh,2023-03-09T10:46:27Z,https://github.com/ohmyzsh/ohmyzsh/issues/11552,https://api.github.com/repos/ohmyzsh/ohmyzsh/issues/11552
27,436467857,gradle/gradle,2019-04-24T02:28:30Z,https://github.com/gradle/gradle/issues/9203,https://api.github.com/repos/gradle/gradle/issues/9203
28,339498894,gradle/gradle,2018-07-09T15:29:20Z,https://github.com/gradle/gradle/issues/5911,https://api.github.com/repos/gradle/gradle/issues/5911
29,340715954,npm/npm,2018-07-12T16:43:58Z,https://github.com/npm/npm/issues/21206,https://api.github.com/repos/npm/npm/issues/21206
30,340599374,npm/npm,2018-07-12T11:32:55Z,https://github.com/npm/npm/issues/21202,https://api.github.com/repos/npm/npm/issues/21202
31,327130542,npm/npm,2018-05-28T23:07:45Z,https://github.com/npm/npm/issues/20791,https://api.github.com/repos/npm/npm/issues/20791
32,326712539,npm/npm,2018-05-26T05:44:58Z,https://github.com/npm/npm/issues/20769,https://api.github.com/repos/npm/npm/issues/20769
33,299453048,npm/npm,2018-02-22T18:06:29Z,https://github.com/npm/npm/issues/19890,https://api.github.com/repos/npm/npm/issues/19890
34,232455334,npm/npm,2017-05-31T05:12:28Z,https://github.com/npm/npm/issues/16813,https://api.github.com/repos/npm/npm/issues/16813
35,102234932,npm/npm,2015-08-20T20:54:19Z,https://github.com/npm/npm/issues/9359,https://api.github.com/repos/npm/npm/issues/9359
36,8815842,npm/npm,2012-11-29T15:39:54Z,https://github.com/npm/npm/issues/2974,https://api.github.com/repos/npm/npm/issues/2974
37,963088392,PyCQA/pycodestyle,2021-08-06T22:49:24Z,https://github.com/PyCQA/pycodestyle/issues/1009,https://api.github.com/repos/PyCQA/pycodestyle/issues/1009
38,271165698,PyCQA/pycodestyle,2017-11-04T04:28:42Z,https://github.com/PyCQA/pycodestyle/issues/703,https://api.github.com/repos/PyCQA/pycodestyle/issues/703
39,549848681,tpope/vim-fugitive,2020-01-14T22:12:33Z,https://github.com/tpope/vim-fugitive/issues/1432,https://api.github.com/repos/tpope/vim-fugitive/issues/1432
40,1100051808,restsharp/RestSharp,2022-01-12T08:52:16Z,https://github.com/restsharp/RestSharp/issues/1696,https://api.github.com/repos/restsharp/RestSharp/issues/1696
41,639068210,openzfs/zfs,2020-06-15T18:57:36Z,https://github.com/openzfs/zfs/issues/10459,https://api.github.com/repos/openzfs/zfs/issues/10459
42,639051823,openzfs/zfs,2020-06-15T18:27:25Z,https://github.com/openzfs/zfs/pull/10457,https://api.github.com/repos/openzfs/zfs/pull/10457
43,638768339,openzfs/zfs,2020-06-15T11:17:13Z,https://github.com/openzfs/zfs/pull/10455,https://api.github.com/repos/openzfs/zfs/pull/10455
44,638643486,openzfs/zfs,2020-06-15T08:19:17Z,https://github.com/openzfs/zfs/pull/10454,https://api.github.com/repos/openzfs/zfs/pull/10454
45,636440138,openzfs/zfs,2020-06-10T17:55:21Z,https://github.com/openzfs/zfs/pull/10435,https://api.github.com/repos/openzfs/zfs/pull/10435
46,397574283,openzfs/zfs,2019-01-09T21:42:37Z,https://github.com/openzfs/zfs/issues/8259,https://api.github.com/repos/openzfs/zfs/issues/8259
47,397487623,openzfs/zfs,2019-01-09T17:59:22Z,https://github.com/openzfs/zfs/issues/8258,https://api.github.com/repos/openzfs/zfs/issues/8258
48,397129620,openzfs/zfs,2019-01-08T22:52:05Z,https://github.com/openzfs/zfs/pull/8255,https://api.github.com/repos/openzfs/zfs/pull/8255
49,364146679,openzfs/zfs,2018-09-26T18:04:06Z,https://github.com/openzfs/zfs/issues/7960,https://api.github.com/repos/openzfs/zfs/issues/7960
50,356609376,openzfs/zfs,2018-09-03T22:45:46Z,https://github.com/openzfs/zfs/issues/7861,https://api.github.com/repos/openzfs/zfs/issues/7861
51,312114336,openzfs/zfs,2018-04-06T20:53:19Z,https://github.com/openzfs/zfs/issues/7401,https://api.github.com/repos/openzfs/zfs/issues/7401
52,298311894,openzfs/zfs,2018-02-19T15:18:41Z,https://github.com/openzfs/zfs/pull/7194,https://api.github.com/repos/openzfs/zfs/pull/7194
53,40463575,openzfs/zfs,2014-08-18T07:56:21Z,https://github.com/openzfs/zfs/issues/2611,https://api.github.com/repos/openzfs/zfs/issues/2611
54,544017763,jashkenas/coffeescript,2019-12-30T21:32:10Z,https://github.com/jashkenas/coffeescript/issues/5280,https://api.github.com/repos/jashkenas/coffeescript/issues/5280
55,315863357,dokuwiki/dokuwiki,2018-04-19T12:51:42Z,https://github.com/dokuwiki/dokuwiki/issues/2321,https://api.github.com/repos/dokuwiki/dokuwiki/issues/2321
56,985447779,symfony/symfony,2021-09-01T18:09:25Z,https://github.com/symfony/symfony/issues/42833,https://api.github.com/repos/symfony/symfony/issues/42833
57,851350444,symfony/symfony,2021-04-06T11:56:40Z,https://github.com/symfony/symfony/issues/40714,https://api.github.com/repos/symfony/symfony/issues/40714
58,741692283,symfony/symfony,2020-11-12T15:25:16Z,https://github.com/symfony/symfony/pull/39065,https://api.github.com/repos/symfony/symfony/pull/39065
59,619762251,symfony/symfony,2020-05-17T17:56:39Z,https://github.com/symfony/symfony/issues/36849,https://api.github.com/repos/symfony/symfony/issues/36849
60,485217326,symfony/symfony,2019-08-26T12:44:24Z,https://github.com/symfony/symfony/issues/33338,https://api.github.com/repos/symfony/symfony/issues/33338
61,484737447,symfony/symfony,2019-08-23T22:37:35Z,https://github.com/symfony/symfony/issues/33313,https://api.github.com/repos/symfony/symfony/issues/33313
62,976125179,znc/znc,2021-08-21T12:22:15Z,https://github.com/znc/znc/issues/1810,https://api.github.com/repos/znc/znc/issues/1810
63,1636711509,tinymce/tinymce,2023-03-23T01:33:31Z,https://github.com/tinymce/tinymce/issues/8582,https://api.github.com/repos/tinymce/tinymce/issues/8582
64,532874644,hashicorp/vagrant,2019-12-04T19:02:30Z,https://github.com/hashicorp/vagrant/issues/11235,https://api.github.com/repos/hashicorp/vagrant/issues/11235
65,57258770,hashicorp/vagrant,2015-02-11T00:12:16Z,https://github.com/hashicorp/vagrant/issues/5319,https://api.github.com/repos/hashicorp/vagrant/issues/5319
66,1656534314,mitmproxy/mitmproxy,2023-04-06T01:34:13Z,https://github.com/mitmproxy/mitmproxy/issues/6051,https://api.github.com/repos/mitmproxy/mitmproxy/issues/6051
67,595484179,mitmproxy/mitmproxy,2020-04-06T23:13:40Z,https://github.com/mitmproxy/mitmproxy/issues/3908,https://api.github.com/repos/mitmproxy/mitmproxy/issues/3908
68,993768928,curl/curl,2021-09-11T06:58:54Z,https://github.com/curl/curl/issues/7703,https://api.github.com/repos/curl/curl/issues/7703
69,1863541325,doctrine/migrations,2023-08-23T15:15:13Z,https://github.com/doctrine/migrations/issues/1357,https://api.github.com/repos/doctrine/migrations/issues/1357
70,1137539452,mrdoob/three.js,2022-02-14T16:23:16Z,https://github.com/mrdoob/three.js/issues/23493,https://api.github.com/repos/mrdoob/three.js/issues/23493
71,518811026,mrdoob/three.js,2019-11-06T21:36:20Z,https://github.com/mrdoob/three.js/issues/17882,https://api.github.com/repos/mrdoob/three.js/issues/17882
72,338480646,mrdoob/three.js,2018-07-05T08:46:40Z,https://github.com/mrdoob/three.js/issues/14419,https://api.github.com/repos/mrdoob/three.js/issues/14419
73,709556703,fluentmigrator/fluentmigrator,2020-09-26T15:24:11Z,https://github.com/fluentmigrator/fluentmigrator/issues/1347,https://api.github.com/repos/fluentmigrator/fluentmigrator/issues/1347
74,372714597,pallets/flask,2018-10-22T21:46:33Z,https://github.com/pallets/flask/issues/2959,https://api.github.com/repos/pallets/flask/issues/2959
75,463261125,Automattic/mongoose,2019-07-02T14:27:00Z,https://github.com/Automattic/mongoose/issues/7952,https://api.github.com/repos/Automattic/mongoose/issues/7952
76,354147871,Automattic/mongoose,2018-08-27T01:13:47Z,https://github.com/Automattic/mongoose/issues/6922,https://api.github.com/repos/Automattic/mongoose/issues/6922
77,304302655,Automattic/mongoose,2018-03-12T09:51:20Z,https://github.com/Automattic/mongoose/issues/6231,https://api.github.com/repos/Automattic/mongoose/issues/6231
78,67171304,Automattic/mongoose,2015-04-08T16:44:41Z,https://github.com/Automattic/mongoose/issues/2851,https://api.github.com/repos/Automattic/mongoose/issues/2851
79,1843328693,doctrine/orm,2023-08-09T14:07:34Z,https://github.com/doctrine/orm/issues/10897,https://api.github.com/repos/doctrine/orm/issues/10897
80,1665591134,doctrine/orm,2023-04-13T02:47:52Z,https://github.com/doctrine/orm/issues/10621,https://api.github.com/repos/doctrine/orm/issues/10621
81,1656348603,doctrine/orm,2023-04-05T21:58:38Z,https://github.com/doctrine/orm/issues/10615,https://api.github.com/repos/doctrine/orm/issues/10615
82,1367665070,doctrine/orm,2022-09-09T11:02:55Z,https://github.com/doctrine/orm/pull/10034,https://api.github.com/repos/doctrine/orm/pull/10034
83,1110181012,doctrine/orm,2022-01-21T08:17:59Z,https://github.com/doctrine/orm/pull/9416,https://api.github.com/repos/doctrine/orm/pull/9416
84,985432324,doctrine/orm,2021-09-01T17:54:07Z,https://github.com/doctrine/orm/issues/8969,https://api.github.com/repos/doctrine/orm/issues/8969
85,891698219,doctrine/orm,2021-05-14T07:46:20Z,https://github.com/doctrine/orm/issues/8688,https://api.github.com/repos/doctrine/orm/issues/8688
86,795993177,doctrine/orm,2021-01-28T13:13:36Z,https://github.com/doctrine/orm/issues/8444,https://api.github.com/repos/doctrine/orm/issues/8444
87,530232265,doctrine/orm,2019-11-29T09:07:24Z,https://github.com/doctrine/orm/issues/7933,https://api.github.com/repos/doctrine/orm/issues/7933
88,398582372,doctrine/orm,2019-01-12T19:04:27Z,https://github.com/doctrine/orm/issues/7568,https://api.github.com/repos/doctrine/orm/issues/7568
89,313696087,doctrine/orm,2018-04-12T12:00:06Z,https://github.com/doctrine/orm/issues/7192,https://api.github.com/repos/doctrine/orm/issues/7192
90,120671163,doctrine/orm,2015-05-08T13:06:30Z,https://github.com/doctrine/orm/issues/4568,https://api.github.com/repos/doctrine/orm/issues/4568
91,120669472,doctrine/orm,2014-01-07T23:57:13Z,https://github.com/doctrine/orm/issues/3649,https://api.github.com/repos/doctrine/orm/issues/3649
92,534580474,kangax/compat-table,2019-12-08T18:25:04Z,https://github.com/kangax/compat-table/pull/1558,https://api.github.com/repos/kangax/compat-table/pull/1558
93,534580041,kangax/compat-table,2019-12-08T18:21:26Z,https://github.com/kangax/compat-table/pull/1557,https://api.github.com/repos/kangax/compat-table/pull/1557
94,230340780,nvm-sh/nvm,2017-05-22T09:46:16Z,https://github.com/nvm-sh/nvm/issues/1533,https://api.github.com/repos/nvm-sh/nvm/issues/1533
95,1530248637,rubygems/rubygems,2023-01-12T07:40:35Z,https://github.com/rubygems/rubygems/pull/6269,https://api.github.com/repos/rubygems/rubygems/pull/6269
96,727127817,rubygems/rubygems,2020-10-22T07:29:52Z,https://github.com/rubygems/rubygems/issues/4027,https://api.github.com/repos/rubygems/rubygems/issues/4027
97,633703607,rubygems/rubygems,2020-06-07T19:46:04Z,https://github.com/rubygems/rubygems/issues/3695,https://api.github.com/repos/rubygems/rubygems/issues/3695
98,398264957,magit/magit,2019-01-11T12:15:30Z,https://github.com/magit/magit/issues/3709,https://api.github.com/repos/magit/magit/issues/3709
99,1104666990,ipython/ipython,2022-01-15T10:18:18Z,https://github.com/ipython/ipython/issues/13463,https://api.github.com/repos/ipython/ipython/issues/13463
100,774727384,ipython/ipython,2020-12-25T12:54:33Z,https://github.com/ipython/ipython/issues/12740,https://api.github.com/repos/ipython/ipython/issues/12740
101,654775761,ipython/ipython,2020-07-10T13:17:17Z,https://github.com/ipython/ipython/issues/12431,https://api.github.com/repos/ipython/ipython/issues/12431
102,1418577350,doctrine/dbal,2022-10-21T16:21:12Z,https://github.com/doctrine/dbal/issues/5784,https://api.github.com/repos/doctrine/dbal/issues/5784
103,1345626221,doctrine/dbal,2022-08-21T23:29:55Z,https://github.com/doctrine/dbal/issues/5609,https://api.github.com/repos/doctrine/dbal/issues/5609
104,723058396,doctrine/dbal,2020-10-16T09:26:02Z,https://github.com/doctrine/dbal/pull/4349,https://api.github.com/repos/doctrine/dbal/pull/4349
105,530975624,doctrine/dbal,2019-12-02T08:42:40Z,https://github.com/doctrine/dbal/issues/3766,https://api.github.com/repos/doctrine/dbal/issues/3766
106,12894489,doctrine/mongodb-odm,2013-04-07T12:07:10Z,https://github.com/doctrine/mongodb-odm/issues/554,https://api.github.com/repos/doctrine/mongodb-odm/issues/554
107,620694982,bigbluebutton/bigbluebutton,2020-05-19T05:44:00Z,https://github.com/bigbluebutton/bigbluebutton/issues/9600,https://api.github.com/repos/bigbluebutton/bigbluebutton/issues/9600
108,1072125460,libretro/RetroArch,2021-12-06T13:02:30Z,https://github.com/libretro/RetroArch/issues/13331,https://api.github.com/repos/libretro/RetroArch/issues/13331
109,997299420,libretro/RetroArch,2021-09-15T16:49:31Z,https://github.com/libretro/RetroArch/issues/12995,https://api.github.com/repos/libretro/RetroArch/issues/12995
110,906427489,libretro/RetroArch,2021-05-29T09:22:58Z,https://github.com/libretro/RetroArch/issues/12452,https://api.github.com/repos/libretro/RetroArch/issues/12452
111,643360992,libretro/RetroArch,2020-06-22T21:06:38Z,https://github.com/libretro/RetroArch/issues/10898,https://api.github.com/repos/libretro/RetroArch/issues/10898
112,627087857,libretro/RetroArch,2020-05-29T08:16:02Z,https://github.com/libretro/RetroArch/issues/10731,https://api.github.com/repos/libretro/RetroArch/issues/10731
113,565358712,libretro/RetroArch,2020-02-14T14:25:27Z,https://github.com/libretro/RetroArch/pull/10117,https://api.github.com/repos/libretro/RetroArch/pull/10117
114,477798655,libretro/RetroArch,2019-08-07T09:02:42Z,https://github.com/libretro/RetroArch/issues/9260,https://api.github.com/repos/libretro/RetroArch/issues/9260
115,457082435,libretro/RetroArch,2019-06-17T18:19:21Z,https://github.com/libretro/RetroArch/issues/8980,https://api.github.com/repos/libretro/RetroArch/issues/8980
116,435537996,libretro/RetroArch,2019-04-21T19:05:55Z,https://github.com/libretro/RetroArch/issues/8619,https://api.github.com/repos/libretro/RetroArch/issues/8619
117,430055555,libretro/RetroArch,2019-04-06T17:14:16Z,https://github.com/libretro/RetroArch/issues/8551,https://api.github.com/repos/libretro/RetroArch/issues/8551
118,285132250,libretro/RetroArch,2017-12-29T18:00:37Z,https://github.com/libretro/RetroArch/pull/5989,https://api.github.com/repos/libretro/RetroArch/pull/5989
119,1227174892,Python-Markdown/markdown,2022-05-05T21:04:50Z,https://github.com/Python-Markdown/markdown/pull/1252,https://api.github.com/repos/Python-Markdown/markdown/pull/1252
120,1011467346,Python-Markdown/markdown,2021-09-29T21:36:10Z,https://github.com/Python-Markdown/markdown/issues/1182,https://api.github.com/repos/Python-Markdown/markdown/issues/1182
121,978528716,Python-Markdown/markdown,2021-08-24T22:17:41Z,https://github.com/Python-Markdown/markdown/pull/1179,https://api.github.com/repos/Python-Markdown/markdown/pull/1179
122,1352488799,fabricjs/fabric.js,2022-08-26T16:36:42Z,https://github.com/fabricjs/fabric.js/issues/8195,https://api.github.com/repos/fabricjs/fabric.js/issues/8195
123,1458781974,rust-lang/rust,2022-11-22T00:12:17Z,https://github.com/rust-lang/rust/issues/104699,https://api.github.com/repos/rust-lang/rust/issues/104699
124,904754673,rust-lang/rust,2021-05-28T05:45:46Z,https://github.com/rust-lang/rust/issues/85773,https://api.github.com/repos/rust-lang/rust/issues/85773
125,670691047,rust-lang/rust,2020-08-01T09:15:23Z,https://github.com/rust-lang/rust/issues/75002,https://api.github.com/repos/rust-lang/rust/issues/75002
126,639133998,rust-lang/rust,2020-06-15T20:34:00Z,https://github.com/rust-lang/rust/issues/73385,https://api.github.com/repos/rust-lang/rust/issues/73385
127,60472468,rust-lang/rust,2015-03-10T09:36:32Z,https://github.com/rust-lang/rust/issues/23246,https://api.github.com/repos/rust-lang/rust/issues/23246
128,663559628,sinonjs/sinon,2020-07-22T08:01:49Z,https://github.com/sinonjs/sinon/issues/2278,https://api.github.com/repos/sinonjs/sinon/issues/2278
129,657523246,sinonjs/sinon,2020-07-15T17:22:42Z,https://github.com/sinonjs/sinon/issues/2274,https://api.github.com/repos/sinonjs/sinon/issues/2274
130,305129827,mysqljs/mysql,2018-03-14T12:00:25Z,https://github.com/mysqljs/mysql/pull/1962,https://api.github.com/repos/mysqljs/mysql/pull/1962
131,27120442,mysqljs/mysql,2014-02-07T08:42:11Z,https://github.com/mysqljs/mysql/issues/731,https://api.github.com/repos/mysqljs/mysql/issues/731
132,6209234,mysqljs/mysql,2012-08-14T06:26:39Z,https://github.com/mysqljs/mysql/issues/274,https://api.github.com/repos/mysqljs/mysql/issues/274
133,534583789,nim-lang/Nim,2019-12-08T18:53:54Z,https://github.com/nim-lang/Nim/issues/12855,https://api.github.com/repos/nim-lang/Nim/issues/12855
134,1210960989,scikit-learn/scikit-learn,2022-04-21T12:24:38Z,https://github.com/scikit-learn/scikit-learn/issues/23175,https://api.github.com/repos/scikit-learn/scikit-learn/issues/23175
135,1072818585,scikit-learn/scikit-learn,2021-12-07T01:40:53Z,https://github.com/scikit-learn/scikit-learn/issues/21906,https://api.github.com/repos/scikit-learn/scikit-learn/issues/21906
136,47049745,scikit-learn/scikit-learn,2014-10-28T16:41:25Z,https://github.com/scikit-learn/scikit-learn/issues/3808,https://api.github.com/repos/scikit-learn/scikit-learn/issues/3808
137,908088395,pandas-dev/pandas,2021-06-01T09:18:51Z,https://github.com/pandas-dev/pandas/issues/41754,https://api.github.com/repos/pandas-dev/pandas/issues/41754
138,786108116,pandas-dev/pandas,2021-01-14T15:59:31Z,https://github.com/pandas-dev/pandas/issues/39171,https://api.github.com/repos/pandas-dev/pandas/issues/39171
139,628465400,pandas-dev/pandas,2020-06-01T14:04:55Z,https://github.com/pandas-dev/pandas/issues/34513,https://api.github.com/repos/pandas-dev/pandas/issues/34513
140,369840190,diaspora/diaspora,2018-10-13T20:53:02Z,https://github.com/diaspora/diaspora/issues/7891,https://api.github.com/repos/diaspora/diaspora/issues/7891
141,1317881905,arduino/Arduino,2022-07-26T08:25:44Z,https://github.com/arduino/Arduino/issues/11811,https://api.github.com/repos/arduino/Arduino/issues/11811
142,372256539,arduino/Arduino,2018-10-20T21:56:14Z,https://github.com/arduino/Arduino/issues/8120,https://api.github.com/repos/arduino/Arduino/issues/8120
143,312953330,arduino/Arduino,2018-04-10T14:38:39Z,https://github.com/arduino/Arduino/issues/7451,https://api.github.com/repos/arduino/Arduino/issues/7451
144,1522369018,rabbitmq/rabbitmq-server,2023-01-06T10:50:20Z,https://github.com/rabbitmq/rabbitmq-server/issues/6812,https://api.github.com/repos/rabbitmq/rabbitmq-server/issues/6812
145,896726233,Leaflet/Leaflet,2021-05-20T12:08:13Z,https://github.com/Leaflet/Leaflet/issues/7576,https://api.github.com/repos/Leaflet/Leaflet/issues/7576
146,894598837,Leaflet/Leaflet,2021-05-18T17:09:04Z,https://github.com/Leaflet/Leaflet/issues/7574,https://api.github.com/repos/Leaflet/Leaflet/issues/7574
147,235832393,Leaflet/Leaflet,2017-06-14T10:22:55Z,https://github.com/Leaflet/Leaflet/issues/5560,https://api.github.com/repos/Leaflet/Leaflet/issues/5560
148,22814728,Leaflet/Leaflet,2013-11-18T04:29:25Z,https://github.com/Leaflet/Leaflet/issues/2195,https://api.github.com/repos/Leaflet/Leaflet/issues/2195
149,631364219,OpenRA/OpenRA,2020-06-05T07:07:35Z,https://github.com/OpenRA/OpenRA/issues/18235,https://api.github.com/repos/OpenRA/OpenRA/issues/18235
150,320554101,OpenRA/OpenRA,2018-05-06T01:24:06Z,https://github.com/OpenRA/OpenRA/pull/15119,https://api.github.com/repos/OpenRA/OpenRA/pull/15119
151,320553214,OpenRA/OpenRA,2018-05-06T01:00:11Z,https://github.com/OpenRA/OpenRA/pull/15118,https://api.github.com/repos/OpenRA/OpenRA/pull/15118
152,237547233,coleifer/peewee,2017-06-21T14:08:34Z,https://github.com/coleifer/peewee/issues/1298,https://api.github.com/repos/coleifer/peewee/issues/1298
153,544279140,pallets/jinja,2019-12-31T22:09:04Z,https://github.com/pallets/jinja/pull/1121,https://api.github.com/repos/pallets/jinja/pull/1121
154,245325788,pallets/jinja,2017-07-25T08:38:28Z,https://github.com/pallets/jinja/issues/752,https://api.github.com/repos/pallets/jinja/issues/752
155,554355383,ytdl-org/youtube-dl,2020-01-23T19:23:06Z,https://github.com/ytdl-org/youtube-dl/issues/23819,https://api.github.com/repos/ytdl-org/youtube-dl/issues/23819
156,1412007705,openscad/openscad,2022-10-17T18:13:57Z,https://github.com/openscad/openscad/pull/4385,https://api.github.com/repos/openscad/openscad/pull/4385
157,598170002,openscad/openscad,2020-04-11T02:22:03Z,https://github.com/openscad/openscad/issues/3277,https://api.github.com/repos/openscad/openscad/issues/3277
158,382791162,php-fig/fig-standards,2018-11-20T18:20:00Z,https://github.com/php-fig/fig-standards/pull/1120,https://api.github.com/repos/php-fig/fig-standards/pull/1120
159,1465034831,Warzone2100/warzone2100,2022-11-26T03:40:53Z,https://github.com/Warzone2100/warzone2100/issues/3020,https://api.github.com/repos/Warzone2100/warzone2100/issues/3020
160,1418948680,Warzone2100/warzone2100,2022-10-21T23:10:25Z,https://github.com/Warzone2100/warzone2100/issues/2916,https://api.github.com/repos/Warzone2100/warzone2100/issues/2916
161,807725060,rstudio/rstudio,2021-02-13T10:46:38Z,https://github.com/rstudio/rstudio/issues/8968,https://api.github.com/repos/rstudio/rstudio/issues/8968
162,1102918184,spring-projects/spring-framework,2022-01-14T04:14:59Z,https://github.com/spring-projects/spring-framework/pull/27933,https://api.github.com/repos/spring-projects/spring-framework/pull/27933
163,1303268876,neovim/neovim,"""2022-07-13T10:59:23Z""","""https://github.com/neovim/neovim/issues/19350""",https://api.github.com/repos/neovim/neovim/issues/19350
164,952956841,SevenTV/chatterino7,"""2021-07-26T14:18:27Z""","""https://github.com/SevenTV/chatterino7/issues/34""",https://api.github.com/repos/SevenTV/chatterino7/issues/34
165,980057113,WordPress/gutenberg,"""2021-08-26T09:56:38Z""","""https://github.com/WordPress/gutenberg/issues/34325""",https://api.github.com/repos/WordPress/gutenberg/issues/34325
166,795394794,flutter/flutter,"""2021-01-27T19:48:17Z""","""https://github.com/flutter/flutter/issues/74833""",https://api.github.com/repos/flutter/flutter/issues/74833
167,1400909737,freeCodeCamp/freeCodeCamp,"""2022-10-07T09:47:10Z""","""https://github.com/freeCodeCamp/freeCodeCamp/issues/47891""",https://api.github.com/repos/freeCodeCamp/freeCodeCamp/issues/47891
168,1406636959,freeCodeCamp/freeCodeCamp,"""2022-10-12T18:34:57Z""","""https://github.com/freeCodeCamp/freeCodeCamp/issues/48011""",https://api.github.com/repos/freeCodeCamp/freeCodeCamp/issues/48011
169,1087972186,doitsujin/dxvk,"""2021-12-23T20:20:27Z""","""https://github.com/doitsujin/dxvk/issues/2413""",https://api.github.com/repos/doitsujin/dxvk/issues/2413
170,503598709,AvaloniaUI/Avalonia,"""2019-10-07T17:51:00Z""","""https://github.com/AvaloniaUI/Avalonia/issues/3079""",https://api.github.com/repos/AvaloniaUI/Avalonia/issues/3079
171,494492439,saltstack/salt,"""2019-09-17T08:58:08Z""","""https://github.com/saltstack/salt/issues/54508""",https://api.github.com/repos/saltstack/salt/issues/54508
172,1252756496,libsdl-org/SDL,"""2022-05-30T13:37:36Z""","""https://github.com/libsdl-org/SDL/issues/5734""",https://api.github.com/repos/libsdl-org/SDL/issues/5734
173,1396213107,anuraghazra/github-readme-stats,"""2022-10-04T12:42:18Z""","""https://github.com/anuraghazra/github-readme-stats/issues/2114""",https://api.github.com/repos/anuraghazra/github-readme-stats/issues/2114
174,1345038447,space-wizards/space-station-14,"""2022-08-20T03:04:37Z""","""https://github.com/space-wizards/space-station-14/issues/10717""",https://api.github.com/repos/space-wizards/space-station-14/issues/10717
175,1321670019,johnsoncodehk/volar,"""2022-07-29T02:02:36Z""","""https://github.com/johnsoncodehk/volar/issues/1648""",https://api.github.com/repos/johnsoncodehk/volar/issues/1648
176,1336452733,osmandapp/OsmAnd,"""2022-08-11T20:21:14Z""","""https://github.com/osmandapp/OsmAnd/issues/15058""",https://api.github.com/repos/osmandapp/OsmAnd/issues/15058
177,1241570951,anuraghazra/github-readme-stats,"""2022-05-19T10:33:47Z""","""https://github.com/anuraghazra/github-readme-stats/issues/1774""",https://api.github.com/repos/anuraghazra/github-readme-stats/issues/1774
178,1239779668,anuraghazra/github-readme-stats,"""2022-05-18T10:53:07Z""","""https://github.com/anuraghazra/github-readme-stats/issues/1763""",https://api.github.com/repos/anuraghazra/github-readme-stats/issues/1763
179,927966336,umijs/umi,"""2021-06-23T07:53:48Z""","""https://github.com/umijs/umi/issues/6766""",https://api.github.com/repos/umijs/umi/issues/6766
180,1118392130,MinecraftForge/MinecraftForge,"""2022-01-30T03:09:04Z""","""https://github.com/MinecraftForge/MinecraftForge/issues/8438""",https://api.github.com/repos/MinecraftForge/MinecraftForge/issues/8438
181,1145514858,golang/go,"""2022-02-21T09:08:41Z""","""https://github.com/golang/go/issues/51295""",https://api.github.com/repos/golang/go/issues/51295
182,1144972959,golang/go,"""2022-02-20T09:58:45Z""","""https://github.com/golang/go/issues/51277""",https://api.github.com/repos/golang/go/issues/51277
183,900635226,hashicorp/terraform,"""2021-05-25T10:52:11Z""","""https://github.com/hashicorp/terraform/issues/28803""",https://api.github.com/repos/hashicorp/terraform/issues/28803
184,652809371,angular/angular,"""2020-07-08T01:25:12Z""","""https://github.com/angular/angular/issues/37963""",https://api.github.com/repos/angular/angular/issues/37963
185,761569005,Rapptz/discord.py,"""2020-12-10T20:01:44Z""","""https://github.com/Rapptz/discord.py/issues/6149""",https://api.github.com/repos/Rapptz/discord.py/issues/6149
186,1077325481,tailscale/tailscale,"""2021-12-11T00:08:19Z""","""https://github.com/tailscale/tailscale/issues/3550""",https://api.github.com/repos/tailscale/tailscale/issues/3550
187,1369100843,netbox-community/netbox,"""2022-09-11T23:44:26Z""","""https://github.com/netbox-community/netbox/issues/10324""",https://api.github.com/repos/netbox-community/netbox/issues/10324
188,1428767280,Monika-After-Story/MonikaModDev,"""2022-10-30T12:30:18Z""","""https://github.com/Monika-After-Story/MonikaModDev/issues/9699""",https://api.github.com/repos/Monika-After-Story/MonikaModDev/issues/9699
189,1134552993,GTNewHorizons/GT-New-Horizons-Modpack,"""2022-02-12T20:20:30Z""","""https://github.com/GTNewHorizons/GT-New-Horizons-Modpack/issues/9732""",https://api.github.com/repos/GTNewHorizons/GT-New-Horizons-Modpack/issues/9732
190,1183333507,vercel/next.js,"""2022-03-28T12:01:59Z""","""https://github.com/vercel/next.js/issues/35657""",https://api.github.com/repos/vercel/next.js/issues/35657
191,1201906086,sveltejs/kit,"""2022-04-12T14:06:12Z""","""https://github.com/sveltejs/kit/issues/4594""",https://api.github.com/repos/sveltejs/kit/issues/4594
192,1248033266,encode/uvicorn,"""2022-05-25T12:36:51Z""","""https://github.com/encode/uvicorn/issues/1501""",https://api.github.com/repos/encode/uvicorn/issues/1501
193,436303024,vector-im/element-web,"""2019-04-23T17:24:34Z""","""https://github.com/vector-im/element-web/issues/9547""",https://api.github.com/repos/vector-im/element-web/issues/9547
194,1282455505,nestjs/nest-cli,"""2022-06-23T14:00:19Z""","""https://github.com/nestjs/nest-cli/issues/1693""",https://api.github.com/repos/nestjs/nest-cli/issues/1693
195,93644527,qbittorrent/qBittorrent,"""2015-07-07T22:32:11Z""","""https://github.com/qbittorrent/qBittorrent/issues/3369""",https://api.github.com/repos/qbittorrent/qBittorrent/issues/3369
196,98183747,python/mypy,"""2015-07-30T14:30:22Z""","""https://github.com/python/mypy/issues/731""",https://api.github.com/repos/python/mypy/issues/731
197,542105846,microsoft/vscode-python,"""2019-12-24T11:54:51Z""","""https://github.com/microsoft/vscode-python/issues/9284""",https://api.github.com/repos/microsoft/vscode-python/issues/9284
198,1498285225,JuliaPlots/Plots.jl,"""2022-12-15T11:46:58Z""","""https://github.com/JuliaPlots/Plots.jl/issues/4597""",https://api.github.com/repos/JuliaPlots/Plots.jl/issues/4597
199,1331118596,expo/expo,"""2022-08-07T20:44:42Z""","""https://github.com/expo/expo/issues/18554""",https://api.github.com/repos/expo/expo/issues/18554
200,1036757791,PowerDNS-Admin/PowerDNS-Admin,"""2021-10-26T21:28:04Z""","""https://github.com/PowerDNS-Admin/PowerDNS-Admin/issues/1032""",https://api.github.com/repos/PowerDNS-Admin/PowerDNS-Admin/issues/1032
201,1294541749,exercism/python,"""2022-07-05T16:54:37Z""","""https://github.com/exercism/python/issues/3132""",https://api.github.com/repos/exercism/python/issues/3132
202,1461489700,laravel/framework,"""2022-11-23T10:36:33Z""","""https://github.com/laravel/framework/issues/45058""",https://api.github.com/repos/laravel/framework/issues/45058
203,257408022,WedgeServer/wedge,"""2017-09-13T14:44:31Z""","""https://github.com/WedgeServer/wedge/issues/2""",https://api.github.com/repos/WedgeServer/wedge/issues/2
204,951429255,rustdesk/rustdesk,"""2021-07-23T09:56:00Z""","""https://github.com/rustdesk/rustdesk/issues/175""",https://api.github.com/repos/rustdesk/rustdesk/issues/175
205,209725628,nextcloud/server,"""2017-02-23T10:45:06Z""","""https://github.com/nextcloud/server/issues/3596""",https://api.github.com/repos/nextcloud/server/issues/3596
206,708907357,nextcloud/server,"""2020-09-25T12:45:59Z""","""https://github.com/nextcloud/server/issues/23046""",https://api.github.com/repos/nextcloud/server/issues/23046
207,1410698334,microsoft/vscode,"""2022-10-17T00:44:22Z""","""https://github.com/microsoft/vscode/issues/163798""",https://api.github.com/repos/microsoft/vscode/issues/163798
208,294122809,microsoft/vscode,"""2018-02-03T16:12:05Z""","""https://github.com/microsoft/vscode/issues/42890""",https://api.github.com/repos/microsoft/vscode/issues/42890
209,284999235,ansible/ansible,"""2017-12-28T22:12:37Z""","""https://github.com/ansible/ansible/issues/34281""",https://api.github.com/repos/ansible/ansible/issues/34281
210,1159293958,ansible/ansible,"""2022-03-04T06:25:47Z""","""https://github.com/ansible/ansible/issues/77204""",https://api.github.com/repos/ansible/ansible/issues/77204
211,239227953,ansible/ansible,"""2017-06-28T16:50:58Z""","""https://github.com/ansible/ansible/issues/26190""",https://api.github.com/repos/ansible/ansible/issues/26190
212,1027933041,flatpak/xdg-desktop-portal,"""2021-10-16T02:58:26Z""","""https://github.com/flatpak/xdg-desktop-portal/issues/649""",https://api.github.com/repos/flatpak/xdg-desktop-portal/issues/649
213,1092238495,opnsense/core,"""2022-01-03T05:31:54Z""","""https://github.com/opnsense/core/issues/5453""",https://api.github.com/repos/opnsense/core/issues/5453
214,638202113,nodejs/node,"""2020-06-13T17:41:50Z""","""https://github.com/nodejs/node/issues/33864""",https://api.github.com/repos/nodejs/node/issues/33864
215,877864027,nodejs/node,"""2021-05-06T18:48:22Z""","""https://github.com/nodejs/node/issues/38573""",https://api.github.com/repos/nodejs/node/issues/38573
216,1336666723,Cog-Creators/Red-DiscordBot,"""2022-08-12T01:57:57Z""","""https://github.com/Cog-Creators/Red-DiscordBot/issues/5819""",https://api.github.com/repos/Cog-Creators/Red-DiscordBot/issues/5819
217,914128991,PCSX2/pcsx2,"""2021-06-08T01:13:24Z""","""https://github.com/PCSX2/pcsx2/issues/4485""",https://api.github.com/repos/PCSX2/pcsx2/issues/4485
218,1242792738,kubernetes/website,"""2022-05-20T08:14:16Z""","""https://github.com/kubernetes/website/issues/33848""",https://api.github.com/repos/kubernetes/website/issues/33848
219,348797250,HandBrake/HandBrake,"""2018-08-08T16:19:15Z""","""https://github.com/HandBrake/HandBrake/issues/1527""",https://api.github.com/repos/HandBrake/HandBrake/issues/1527
220,498868764,hashicorp/nomad,"""2019-09-26T12:58:51Z""","""https://github.com/hashicorp/nomad/issues/6385""",https://api.github.com/repos/hashicorp/nomad/issues/6385
221,1186681963,citizenfx/fivem,"""2022-03-30T16:07:46Z""","""https://github.com/citizenfx/fivem/issues/1356""",https://api.github.com/repos/citizenfx/fivem/issues/1356
222,1500084349,zammad/zammad,"""2022-12-16T11:53:58Z""","""https://github.com/zammad/zammad/issues/4431""",https://api.github.com/repos/zammad/zammad/issues/4431
223,1043368759,EbookFoundation/free-programming-books,"""2021-11-03T10:28:56Z""","""https://github.com/EbookFoundation/free-programming-books/issues/6590""",https://api.github.com/repos/EbookFoundation/free-programming-books/issues/6590
224,747855745,EbookFoundation/free-programming-books,"""2020-11-20T23:16:43Z""","""https://github.com/EbookFoundation/free-programming-books/issues/5176""",https://api.github.com/repos/EbookFoundation/free-programming-books/issues/5176
225,453440611,strapi/strapi,"""2019-06-07T10:17:02Z""","""https://github.com/strapi/strapi/issues/3399""",https://api.github.com/repos/strapi/strapi/issues/3399
226,393724050,strapi/strapi,"""2018-12-23T05:03:40Z""","""https://github.com/strapi/strapi/issues/2527""",https://api.github.com/repos/strapi/strapi/issues/2527
227,544542483,strapi/strapi,"""2020-01-02T11:29:06Z""","""https://github.com/strapi/strapi/issues/4878""",https://api.github.com/repos/strapi/strapi/issues/4878
228,407645854,strapi/strapi,"""2019-02-07T11:05:41Z""","""https://github.com/strapi/strapi/issues/2784""",https://api.github.com/repos/strapi/strapi/issues/2784
229,524307759,strapi/strapi,"""2019-11-18T11:31:42Z""","""https://github.com/strapi/strapi/issues/4547""",https://api.github.com/repos/strapi/strapi/issues/4547
230,1208013839,termux/termux-packages,"""2021-07-26T17:22:34Z""","""https://github.com/termux/termux-packages/issues/10226""",https://api.github.com/repos/termux/termux-packages/issues/10226
231,1212965768,google/blockly,2022-04-22T23:33:43Z,https://github.com/google/blockly/issues/6106,https://api.github.com/repos/google/blockly/issues/6106
232,669419291,google/WebFundamentals,2020-07-31T05:10:00Z,https://github.com/google/WebFundamentals/issues/8921,https://api.github.com/repos/google/WebFundamentals/issues/8921
233,1075227076,google/glog,2021-12-09T07:08:17Z,https://github.com/google/glog/issues/756,https://api.github.com/repos/google/glog/issues/756