,repo,login,year,url,title,reason,comment_count,num_issues,num_stars,contributors_url
0,nodejs/node,jasnell,"""2020-06-13T17:41:50Z""","""https://github.com/nodejs/node/issues/33864""","""Rename default branch from \""master\"" to \""main\"" or something similar""","""too heated""",56,3654.0,11453.0,https://api.github.com/repos/nodejs/node/contributors
1,flybywiresim/a32nx,NathanInnes,"""2020-10-04T01:55:39Z""","""https://github.com/flybywiresim/a32nx/issues/1073""","""[REQUEST] To allow user to setup the mod to his taste or possibilities (performances limits)""","""too heated""",7,3269.0,1913.0,https://api.github.com/repos/flybywiresim/a32nx/contributors
2,openzfs/zfs,behlendorf,"""2018-12-18T13:13:13Z""","""https://github.com/openzfs/zfs/issues/8213""","""enable compression by default on new pools""","""too heated""",24,1609.0,1649.0,https://api.github.com/repos/openzfs/zfs/contributors
3,ethereum/solidity,leonardoalt,"""2020-12-15T17:59:33Z""","""https://github.com/ethereum/solidity/issues/10616""","""I‚Äôve Lost savings of my life sending erc20 on staking smart contract""","""too heated""",18,1886.0,1725.0,https://api.github.com/repos/ethereum/solidity/contributors
4,ansible/workshops,IPvSean,"""2020-05-21T14:21:31Z""","""https://github.com/ansible/workshops/issues/887""","""Make boinc_auth in community_grid role configurable""","""too heated""",15,176.0,366.0,https://api.github.com/repos/ansible/workshops/contributors
5,RfidResearchGroup/proxmark3,doegox,"""2020-06-19T09:15:25Z""","""https://github.com/RfidResearchGroup/proxmark3/issues/801""","""[Bug] hf 14b sniff""","""too heated""",13,505.0,455.0,https://api.github.com/repos/RfidResearchGroup/proxmark3/contributors
6,vueComponent/ant-design-vue,tangjinzhou,"""2020-03-20T06:50:26Z""","""https://github.com/vueComponent/ant-design-vue/issues/1913""","""Support Vue 3 & Vite from 2.0.0-beta.5""","""too heated""",79,2871.0,4770.0,https://api.github.com/repos/vueComponent/ant-design-vue/contributors
7,mozilla-mobile/fenix,ekager,"""2020-06-23T04:09:39Z""","""https://github.com/mozilla-mobile/fenix/issues/11833""","""As a user, I find the tab experience to be horrible and frustrating""","""too heated""",32,18677.0,2013.0,https://api.github.com/repos/mozilla-mobile/fenix/contributors
8,i3/i3,stapelberg,"""2020-06-12T13:54:37Z""","""https://github.com/i3/i3/issues/4127""","""enhancement: rename master branch to stable""","""too heated""",9,535.0,1206.0,https://api.github.com/repos/i3/i3/contributors
9,ant-design/ant-design,afc163,"""2020-03-17T11:31:56Z""","""https://github.com/ant-design/ant-design/issues/22314""","""Êàë‰∏ÄÁõ¥ËßâÂæóËøô‰∏™ÂØºËà™ËèúÂçïÁªÑ‰ª∂Â±ïÂºÄÊïàÊûúÂæàÂà´Êâ≠""","""too heated""",17,9859.0,12396.0,https://api.github.com/repos/ant-design/ant-design/contributors
10,mozilla-mobile/fenix,data-sync-user,"""2020-06-23T04:09:39Z""","""https://github.com/mozilla-mobile/fenix/issues/11833""","""FNX-12818 ‚ÅÉ As a user, I find the tab experience to be horrible and frustrating""","""too heated""",33,18677.0,2013.0,https://api.github.com/repos/mozilla-mobile/fenix/contributors
11,EssentialsX/Essentials,JRoy,"""2020-09-28T12:05:01Z""","""https://github.com/EssentialsX/Essentials/issues/3690""","""worth/sell blocks does entire inventory instead of just blocks""","""too heated""",9,1387.0,444.0,https://api.github.com/repos/EssentialsX/Essentials/contributors
12,PrestaShop/PrestaShop,PululuK,"""2020-11-14T09:50:16Z""","""https://github.com/PrestaShop/PrestaShop/issues/21917""","""Imossible to change shop name without multi store""","""too heated""",10,6853.0,1221.0,https://api.github.com/repos/PrestaShop/PrestaShop/contributors
13,sunpy/sunpy,akirahirohito,"""2020-08-26T16:32:15Z""","""https://github.com/sunpy/sunpy/issues/4439""","""Create an example showcasing how to do URL-scraping to get files for sunpy.map.Map""","""too heated""",14,636.0,114.0,https://api.github.com/repos/sunpy/sunpy/contributors
14,elementary/camera,danrabbit,"""2018-10-18T18:18:43Z""","""https://github.com/elementary/camera/issues/87""","""Camera doesn't work""","""too heated""",20,30.0,17.0,https://api.github.com/repos/elementary/camera/contributors
15,flybywiresim/a32nx,MisterChocker,"""2020-11-05T11:48:44Z""","""https://github.com/flybywiresim/a32nx/issues/1769""","""[BUG] FLARE mode push nose down ""","""too heated""",39,3269.0,1913.0,https://api.github.com/repos/flybywiresim/a32nx/contributors
16,TeamNewPipe/NewPipe,TheAssassin,"""2020-10-23T21:12:31Z""","""https://github.com/TeamNewPipe/NewPipe/issues/4618""","""Youtube-dl disabled due to a DMCA takedown. We are next.""","""too heated""",24,4017.0,5603.0,https://api.github.com/repos/TeamNewPipe/NewPipe/contributors
17,vector-im/riot-web,t3chguy,"""2020-02-26T09:40:18Z""","""https://github.com/vector-im/riot-web/issues/12518""","""Riot Desktop system tray icon invisible""","""too heated""",45,4611.0,1320.0,https://api.github.com/repos/vector-im/riot-web/contributors
18,div-bargali/Data-Structures-and-Algorithms,div-bargali,"""2020-10-05T15:25:29Z""","""https://github.com/div-bargali/Data-Structures-and-Algorithms/issues/1""","""Implement Data Structures and Algorithms""","""too heated""",27,648.0,157.0,https://api.github.com/repos/div-bargali/Data-Structures-and-Algorithms/contributors
19,docker/compose,aiordache,"""2015-08-20T13:30:07Z""","""https://github.com/docker/compose/issues/1896""","""Define services which are not started by default""","""too heated""",244,1053.0,3623.0,https://api.github.com/repos/docker/compose/contributors
20,acemod/ACE3,jonpas,"""2019-11-06T12:55:45Z""","""https://github.com/acemod/ACE3/issues/7267""","""AT-Missile of Titan-Launcher self-explodes in the air, before it hits the target!""","""too heated""",29,431.0,90.0,https://api.github.com/repos/acemod/ACE3/contributors
21,mozilla-mobile/fenix,data-sync-user,"""2020-06-23T04:09:39Z""","""https://github.com/mozilla-mobile/fenix/issues/11833""","""FNX3-14940 ‚ÅÉ As a user, I find the tab experience to be horrible and frustrating""","""too heated""",33,18677.0,2013.0,https://api.github.com/repos/mozilla-mobile/fenix/contributors
22,ant-design/ant-design,zombieJ,"""2020-05-21T08:23:18Z""","""https://github.com/ant-design/ant-design/issues/24352""","""[SoC2020] Add feature for components""","""too heated""",6,9859.0,12396.0,https://api.github.com/repos/ant-design/ant-design/contributors
23,rubygems/rubygems,deivid-rodriguez,"""2020-10-22T07:29:52Z""","""https://github.com/rubygems/rubygems/issues/4027""","""Bundler and RubyGems install directory mismatch""","""too heated""",13,952.0,441.0,https://api.github.com/repos/rubygems/rubygems/contributors
24,mozilla-mobile/fenix,data-sync-user,"""2020-06-03T01:37:18Z""","""https://github.com/mozilla-mobile/fenix/issues/11165""","""FNX3-14438 ‚ÅÉ [Bug] The \""beta\"" tag is missing in the homescreen icon in the latest beta version 77.0.0-beta.1""","""too heated""",6,18677.0,2013.0,https://api.github.com/repos/mozilla-mobile/fenix/contributors
25,strapi/strapi,derrickmehaffy,"""2019-08-29T10:44:42Z""","""https://github.com/strapi/strapi/issues/3862""","""Allow definition of null as default value""","""too heated""",8,3538.0,13202.0,https://api.github.com/repos/strapi/strapi/contributors
26,firebase/firebase-android-sdk,samtstern,"""2020-07-24T03:02:05Z""","""https://github.com/firebase/firebase-android-sdk/issues/1818""","""export firebase remote config constants""","""too heated""",10,951.0,467.0,https://api.github.com/repos/firebase/firebase-android-sdk/contributors
27,angular/angular,IgorMinar,"""2019-03-09T17:04:35Z""","""https://github.com/angular/angular/issues/29205""","""Make wording in the directives more inclusive""","""too heated""",6,5597.0,16610.0,https://api.github.com/repos/angular/angular/contributors
28,mozilla-mobile/fenix,data-sync-user,"""2020-06-03T01:37:18Z""","""https://github.com/mozilla-mobile/fenix/issues/11165""","""FNX-12043 ‚ÅÉ [Bug] The \""beta\"" tag is missing in the homescreen icon in the latest beta version 77.0.0-beta.1""","""too heated""",6,18677.0,2013.0,https://api.github.com/repos/mozilla-mobile/fenix/contributors
29,home-assistant/core,dmulcahey,"""2020-07-14T13:09:59Z""","""https://github.com/home-assistant/core/issues/37845""","""ZHA & ptvo.info bmp280""","""too heated""",9,11272.0,9458.0,https://api.github.com/repos/home-assistant/core/contributors
30,EssentialsX/Essentials,md678685,"""2020-09-28T12:05:01Z""","""https://github.com/EssentialsX/Essentials/issues/3690""","""worth/sell blocks does entire inventory instead of just blocks""","""too heated""",7,1387.0,444.0,https://api.github.com/repos/EssentialsX/Essentials/contributors
31,kubernetes/website,k8s-ci-robot,"""2020-12-06T10:43:39Z""","""https://github.com/kubernetes/website/issues/25416""","""Issue with k8s.io/ko/docs/tutorials/kubernetes-basics/create-cluster/cluster-intro/""","""too heated""",4,4531.0,701.0,https://api.github.com/repos/kubernetes/website/contributors
32,freeCodeCamp/freeCodeCamp,moT01,"""2019-10-22T03:35:35Z""","""https://github.com/freeCodeCamp/freeCodeCamp/issues/37457""","""Can't login for the last few days""","""too heated""",4,1812.0,17223.0,https://api.github.com/repos/freeCodeCamp/freeCodeCamp/contributors
33,spyder-ide/spyder,ccordoba12,"""2020-11-13T16:27:49Z""","""https://github.com/spyder-ide/spyder/issues/14218""","""High typing latency in MacOS Big Sur""","""too heated""",36,5023.0,1003.0,https://api.github.com/repos/spyder-ide/spyder/contributors
34,mezz/JustEnoughItems,mezz,"""2020-09-23T03:12:15Z""","""https://github.com/mezz/JustEnoughItems/issues/2097""","""Removal of political propaganda?""","""too heated""",23,552.0,115.0,https://api.github.com/repos/mezz/JustEnoughItems/contributors
35,strapi/strapi,lauriejim,"""2019-12-24T13:40:02Z""","""https://github.com/strapi/strapi/issues/4819""","""Custom GraphQL mutation doesn't work""","""too heated""",12,3538.0,13202.0,https://api.github.com/repos/strapi/strapi/contributors
36,jonataslaw/getx,jonataslaw,"""2020-11-12T12:54:51Z""","""https://github.com/jonataslaw/getx/issues/789""","""[proposal] provide benchmarks for the claims in changelog 3.16.0 and against other state managements""","""too heated""",8,1068.0,1842.0,https://api.github.com/repos/jonataslaw/getx/contributors
37,google/shaka-player,joeyparrish,"""2020-10-17T03:23:20Z""","""https://github.com/google/shaka-player/issues/2917""","""widevine sucks""","""too heated""",6,1202.0,1114.0,https://api.github.com/repos/google/shaka-player/contributors
38,flybywiresim/a32nx,AdenFlorian,"""2020-10-05T11:51:22Z""","""https://github.com/flybywiresim/a32nx/issues/1110""","""Performance decrease of around 20% in FPS and more stutter in latest master[BUG]""","""too heated""",37,3269.0,1913.0,https://api.github.com/repos/flybywiresim/a32nx/contributors
39,FasterXML/jackson-databind,cowtowncoder,"""2016-07-14T03:12:47Z""","""https://github.com/FasterXML/jackson-databind/issues/1296""","""Add `@JsonIncludeProperties(propertyNames)` (reverse of `@JsonIgnoreProperties`)""","""too heated""",33,699.0,455.0,https://api.github.com/repos/FasterXML/jackson-databind/contributors
40,nodejs/node,jasnell,"""2020-06-13T17:41:50Z""","""https://github.com/nodejs/node/issues/33864""","""Rename default branch from \""master\"" to \""main\"" or something similar""","""too heated""",56,3654.0,11453.0,https://api.github.com/repos/nodejs/node/contributors
41,betaflight/betaflight,etracer65,"""2020-09-08T07:42:35Z""","""https://github.com/betaflight/betaflight/issues/10169""","""@pam4fh just use Betaflight Configurator 10.7.0 and enable FrskyOSD in PORTS tab""","""too heated""",6,1057.0,1014.0,https://api.github.com/repos/betaflight/betaflight/contributors
42,bitcoin-core/bitcoincore.org,laanwj,"""2021-01-21T18:17:18Z""","""https://github.com/bitcoin-core/bitcoincore.org/issues/746""","""Disappointing decision from core devs.""","""too heated""",10,32.0,56.0,https://api.github.com/repos/bitcoin-core/bitcoincore.org/contributors
43,git-for-windows/git,dscho,"""2020-06-08T10:10:47Z""","""https://github.com/git-for-windows/git/issues/2674""","""Change non-inclusive naming""","""too heated""",178,774.0,1033.0,https://api.github.com/repos/git-for-windows/git/contributors
44,dotnet/aspnetcore,mkArtakMSFT,"""2020-10-05T23:19:23Z""","""https://github.com/dotnet/aspnetcore/issues/26625""","""‚è±Ô∏è Call to action: Help shape the future for ASP.NET Core""","""too heated""",89,13306.0,5931.0,https://api.github.com/repos/dotnet/aspnetcore/contributors
45,nodejs/node,jasnell,"""2020-06-13T17:41:50Z""","""https://github.com/nodejs/node/issues/33864""","""Rename default branch from \""master\"" to \""main\"" or something similar""","""too heated""",56,3654.0,11453.0,https://api.github.com/repos/nodejs/node/contributors
46,mozilla-mobile/fenix,kbrosnan,"""2020-06-07T09:00:23Z""","""https://github.com/mozilla-mobile/fenix/issues/11308""","""Allow sideloading addons on Nightly that use supported WebExtension APIs""","""too heated""",40,18677.0,2013.0,https://api.github.com/repos/mozilla-mobile/fenix/contributors
47,jhipster/generator-jhipster,mshima,"""2020-10-09T16:12:36Z""","""https://github.com/jhipster/generator-jhipster/issues/12702""","""Hexagonal architecture friendly.""","""too heated""",4,1596.0,2821.0,https://api.github.com/repos/jhipster/generator-jhipster/contributors
48,strapi/strapi,alexandrebodin,"""2020-08-03T17:51:30Z""","""https://github.com/strapi/strapi/issues/7304""","""error MissingSchemaError: Schema hasn't been registered for model""","""too heated""",8,3538.0,13202.0,https://api.github.com/repos/strapi/strapi/contributors
49,openssl/openssl,mattcaswell,"""2020-06-14T19:33:21Z""","""https://github.com/openssl/openssl/issues/12148""","""Remove unnecessary racially offensive terms from code""","""too heated""",5,2397.0,2871.0,https://api.github.com/repos/openssl/openssl/contributors
50,nodejs/node,jasnell,"""2020-06-13T17:41:50Z""","""https://github.com/nodejs/node/issues/33864""","""Rename default branch from \""master\"" to \""main\"" or something similar""","""too heated""",56,3654.0,11453.0,https://api.github.com/repos/nodejs/node/contributors
51,pi-hole/AdminLTE,PromoFaux,"""2020-08-03T08:52:56Z""","""https://github.com/pi-hole/AdminLTE/issues/1587""","""Disable for custom time in seconds and not in minutes""","""too heated""",26,311.0,454.0,https://api.github.com/repos/pi-hole/AdminLTE/contributors
52,yuzu-emu/yuzu,bunnei,"""2020-05-11T07:03:21Z""","""https://github.com/yuzu-emu/yuzu/issues/3918""","""Animal Crossing: New Horizons Text not displaying correctly bug""","""too heated""",40,2257.0,4804.0,https://api.github.com/repos/yuzu-emu/yuzu/contributors
53,EssentialsX/Essentials,JRoy,"""2020-09-28T12:05:01Z""","""https://github.com/EssentialsX/Essentials/issues/3690""","""worth/sell blocks does entire inventory instead of just blocks""","""too heated""",9,544.0,461.0,https://api.github.com/repos/EssentialsX/Essentials/contributors
54,matrix-org/synapse,clokep,"""2019-10-17T14:59:20Z""","""https://github.com/matrix-org/synapse/issues/6211""","""Synapse uses TLS1.0 for smtp which is rejected by some mail servers""","""too heated""",26,1752.0,1927.0,https://api.github.com/repos/matrix-org/synapse/contributors
55,iNavFlight/inav,digitalentity,"""2021-03-03T19:55:59Z""","""https://github.com/iNavFlight/inav/issues/6663""","""matek F722 mini se,crazy baro in al inav version,too in 2.6.1 for micro quad nav modes""","""too heated""",28,770.0,422.0,https://api.github.com/repos/iNavFlight/inav/contributors
56,Wechat-Group/WxJava,binarywang,"""2021-04-06T07:54:23Z""","""https://github.com/Wechat-Group/WxJava/issues/2069""","""ÂæÆ‰ø°Â∞èÁ®ãÂ∫èÊõ¥Êñ∞wx.getUserProfileÔºåÊó†Ê≥ïËé∑ÂèñÂà∞Â∞èÁ®ãÂ∫èÁî®Êà∑‰ø°ÊÅØ""","""too heated""",12,627.0,2743.0,https://api.github.com/repos/Wechat-Group/WxJava/contributors
57,tenacityteam/tenacity,Semisol,"""2021-07-06T22:50:22Z""","""https://github.com/tenacityteam/tenacity/issues/99""","""Stepdown as Maintainer of this Fork""","""too heated""",14,364.0,4561.0,https://api.github.com/repos/tenacityteam/tenacity/contributors
58,tensorflow/tensorflow,rthadur,"""2015-11-09T17:41:26Z""","""https://github.com/tensorflow/tensorflow/issues/22""","""OpenCL support""","""too heated""",542,9522.0,12510.0,https://api.github.com/repos/tensorflow/tensorflow/contributors
59,sqlalchemy/sqlalchemy,zzzeek,"""2021-09-14T02:20:27Z""","""https://github.com/sqlalchemy/sqlalchemy/issues/7027""","""SQLite ORM `datetime` conversion interprets milliseconds as microseconds on reads""","""too heated""",11,1604.0,1568.0,https://api.github.com/repos/sqlalchemy/sqlalchemy/contributors
60,nextcloud/calendar,jospoortvliet,"""2017-10-11T23:07:55Z""","""https://github.com/nextcloud/calendar/issues/629""","""Default reminders configuration [$113]""","""too heated""",29,726.0,124.0,https://api.github.com/repos/nextcloud/calendar/contributors
61,nextcloud/calendar,jospoortvliet,"""2017-10-11T23:07:55Z""","""https://github.com/nextcloud/calendar/issues/629""","""Default reminders configuration [$113]""","""too heated""",29,726.0,124.0,https://api.github.com/repos/nextcloud/calendar/contributors
62,bitcoin-core/bitcoincore.org,laanwj,"""2021-01-21T18:17:18Z""","""https://github.com/bitcoin-core/bitcoincore.org/issues/746""","""Disappointing decision from core devs.""","""too heated""",10,49.0,119.0,https://api.github.com/repos/bitcoin-core/bitcoincore.org/contributors
63,pyca/cryptography,alex,"""2021-02-08T08:58:33Z""","""https://github.com/pyca/cryptography/issues/5771""","""Dependency on rust removes support for a number of platforms""","""too heated""",179,480.0,855.0,https://api.github.com/repos/pyca/cryptography/contributors
64,mui-org/material-ui,eps1lon,"""2021-09-15T18:49:26Z""","""https://github.com/mui-org/material-ui/issues/28368""","""v5 Documentation site is broken""","""too heated""",22,4364.0,11936.0,https://api.github.com/repos/mui-org/material-ui/contributors
65,openai/gym,jkterry1,"""2021-07-27T17:33:35Z""","""https://github.com/openai/gym/issues/2259""","""Plans for Future Maintenance of Gym""","""too heated""",24,459.0,3324.0,https://api.github.com/repos/openai/gym/contributors
66,freeCodeCamp/freeCodeCamp,moT01,"""2021-09-30T16:53:25Z""","""https://github.com/freeCodeCamp/freeCodeCamp/issues/43639""","""When selecting a language in the nav menu it opens in a new tab""","""too heated""",19,1424.0,23941.0,https://api.github.com/repos/freeCodeCamp/freeCodeCamp/contributors
67,RocketChat/Rocket.Chat,sampaiodiego,"""2020-09-30T03:06:02Z""","""https://github.com/RocketChat/Rocket.Chat/issues/19065""","""MaxListenersExceededWarning after upgrade to 3.6.3""","""too heated""",34,2574.0,3530.0,https://api.github.com/repos/RocketChat/Rocket.Chat/contributors
68,parkervcp/eggs,parkervcp,"""2021-12-11T10:23:16Z""","""https://github.com/parkervcp/eggs/issues/1459""","""[Bug]: we can no longer choose our version with egg of PocketMine""","""too heated""",26,546.0,508.0,https://api.github.com/repos/parkervcp/eggs/contributors
69,Icinga/icingaweb2,Al2Klimov,"""2019-11-30T14:04:18Z""","""https://github.com/Icinga/icingaweb2/issues/4007""","""Require PHP 7.0""","""too heated""",6,322.0,67.0,https://api.github.com/repos/Icinga/icingaweb2/contributors
70,mongo-express/mongo-express,JafarAkhondali,"""2018-05-07T08:07:03Z""","""https://github.com/mongo-express/mongo-express/issues/411""","""Upgrade mongodb driver to 3.0 for MongoDB 3.6 support""","""too heated""",5,63.0,509.0,https://api.github.com/repos/mongo-express/mongo-express/contributors
71,vuejs/vue,posva,"""2020-07-01T12:33:15Z""","""https://github.com/vuejs/vue/issues/11483""","""Root level script tag should not be executed""","""too heated""",7,693.0,18046.0,https://api.github.com/repos/vuejs/vue/contributors
72,div-bargali/Data-Structures-and-Algorithms,div-bargali,"""2020-10-05T15:25:29Z""","""https://github.com/div-bargali/Data-Structures-and-Algorithms/issues/1""","""Implement Data Structures and Algorithms""","""too heated""",27,38.0,72.0,https://api.github.com/repos/div-bargali/Data-Structures-and-Algorithms/contributors
73,pinojs/pino,mcollina,"""2020-10-17T01:01:23Z""","""https://github.com/pinojs/pino/issues/921""","""Including a BigInt in the merging object throws an exception""","""too heated""",22,241.0,2009.0,https://api.github.com/repos/pinojs/pino/contributors
74,uBlockOrigin/uAssets,okiehsch,"""2021-09-30T15:53:47Z""","""https://github.com/uBlockOrigin/uAssets/issues/10100""","""cn.bing.com""","""too heated""",6,3779.0,355.0,https://api.github.com/repos/uBlockOrigin/uAssets/contributors
75,node-fetch/node-fetch,jimmywarting,"""2021-09-01T16:41:32Z""","""https://github.com/node-fetch/node-fetch/issues/1263""","""ESM only breaks everything""","""too heated""",64,331.0,1329.0,https://api.github.com/repos/node-fetch/node-fetch/contributors
76,jhipster/generator-jhipster,mshima,"""2020-10-09T16:12:36Z""","""https://github.com/jhipster/generator-jhipster/issues/12702""","""Hexagonal architecture friendly.""","""too heated""",4,1123.0,1516.0,https://api.github.com/repos/jhipster/generator-jhipster/contributors
77,GTNewHorizons/GT-New-Horizons-Modpack,Glease,"""2020-02-27T11:12:49Z""","""https://github.com/GTNewHorizons/GT-New-Horizons-Modpack/issues/5656""","""Interaction of Large Sifter Bonus and Platinum Line""","""too heated""",30,3493.0,114.0,https://api.github.com/repos/GTNewHorizons/GT-New-Horizons-Modpack/contributors
78,spyder-ide/spyder,ccordoba12,"""2021-04-05T15:21:59Z""","""https://github.com/spyder-ide/spyder/issues/15113""","""Spyder 5 is broken in Anaconda""","""too heated""",12,3793.0,1090.0,https://api.github.com/repos/spyder-ide/spyder/contributors
79,spyder-ide/spyder,ccordoba12,"""2021-04-05T15:21:59Z""","""https://github.com/spyder-ide/spyder/issues/15113""","""Spyder 5 is broken in Anaconda""","""too heated""",13,3793.0,1090.0,https://api.github.com/repos/spyder-ide/spyder/contributors
80,NixOS/nixpkgs,mweinelt,"""2021-06-12T15:37:08Z""","""https://github.com/NixOS/nixpkgs/issues/126679""","""Remove `python3Packages.wled` package""","""too heated""",5,7878.0,2482.0,https://api.github.com/repos/NixOS/nixpkgs/contributors
81,NixOS/nixpkgs,mweinelt,"""2021-06-12T15:30:49Z""","""https://github.com/NixOS/nixpkgs/issues/126677""","""Remove `python3Packages.ambee` package""","""too heated""",9,7878.0,2482.0,https://api.github.com/repos/NixOS/nixpkgs/contributors
82,ansible/ansible,sivel,"""2017-03-16T18:09:31Z""","""https://github.com/ansible/ansible/issues/22716""","""Using include asynchronously with with_items""","""too heated""",13,2779.0,5266.0,https://api.github.com/repos/ansible/ansible/contributors
83,home-assistant/core,MartinHjelmare,"""2021-05-04T16:17:30Z""","""https://github.com/home-assistant/core/issues/50073""","""Modbus is failing in all possible ways""","""too heated""",8,13816.0,10916.0,https://api.github.com/repos/home-assistant/core/contributors
84,home-assistant/core,frenck,"""2021-11-20T18:14:15Z""","""https://github.com/home-assistant/core/issues/60034""","""Tuya; delayed/missing state updates: Confirmed Tuya Cloud issue, awaiting upstream fix""","""too heated""",100,13816.0,10916.0,https://api.github.com/repos/home-assistant/core/contributors
85,utk-cs/CS340-Fall-2021,bepri,"""2021-09-09T19:27:24Z""","""https://github.com/utk-cs/CS340-Fall-2021/issues/142""","""Cannot be closed""","""too heated""",19,9.0,5.0,https://api.github.com/repos/utk-cs/CS340-Fall-2021/contributors
86,utk-cs/CS340-Fall-2021,dearvarun,"""2021-09-09T19:27:24Z""","""https://github.com/utk-cs/CS340-Fall-2021/issues/142""","""Test test test""","""too heated""",16,9.0,5.0,https://api.github.com/repos/utk-cs/CS340-Fall-2021/contributors
87,HandBrake/HandBrake,sr55,"""2021-07-19T00:49:56Z""","""https://github.com/HandBrake/HandBrake/issues/3697""","""Removing the preset side panel and replacing it with a dropdown menu is less user friendly and harder to work with.""","""too heated""",17,988.0,1996.0,https://api.github.com/repos/HandBrake/HandBrake/contributors
88,mdn/translated-content,Rumyra,"""2021-08-22T13:44:41Z""","""https://github.com/mdn/translated-content/issues/2193""","""Separate zh-cn content team""","""too heated""",9,743.0,481.0,https://api.github.com/repos/mdn/translated-content/contributors
89,mpv-player/mpv,haasn,"""2021-09-13T12:56:58Z""","""https://github.com/mpv-player/mpv/issues/9208""","""youtube-dl is dead, add yt-dlp as default""","""too heated""",15,1492.0,3683.0,https://api.github.com/repos/mpv-player/mpv/contributors
90,Stellarium/stellarium,github-actions[bot],"""2020-10-10T11:45:40Z""","""https://github.com/Stellarium/stellarium/issues/1317""","""Ocular Plugin: Mouse Navigation""","""too heated""",22,556.0,684.0,https://api.github.com/repos/Stellarium/stellarium/contributors
91,Stellarium/stellarium,gzotti,"""2020-10-10T11:45:40Z""","""https://github.com/Stellarium/stellarium/issues/1317""","""Ocular Plugin: Mouse Navigation""","""too heated""",22,556.0,684.0,https://api.github.com/repos/Stellarium/stellarium/contributors
92,Stellarium/stellarium,alex-w,"""2020-10-10T11:45:40Z""","""https://github.com/Stellarium/stellarium/issues/1317""","""Ocular Plugin: Mouse Navigation""","""too heated""",22,556.0,684.0,https://api.github.com/repos/Stellarium/stellarium/contributors
93,microsoft/vscode,joaomoreno,"""2021-02-10T15:51:57Z""","""https://github.com/microsoft/vscode/issues/116341""","""‚ö†Ô∏èüößüë∑ Scheduled rename `master` branch to `main`""","""too heated""",5,42722.0,19951.0,https://api.github.com/repos/microsoft/vscode/contributors
94,nextcloud/server,szaimen,"""2021-01-29T23:36:44Z""","""https://github.com/nextcloud/server/issues/25398""","""Apps do not appear in the App Store - https://apps.nextcloud.com timeout""","""too heated""",10,4890.0,5947.0,https://api.github.com/repos/nextcloud/server/contributors
95,microsoft/vscode-python,karrtikr,"""2020-11-03T06:33:27Z""","""https://github.com/microsoft/vscode-python/issues/16613""","""While creating virtual environment Python extension does not prompt with venv notification""","""too heated""",48,3131.0,594.0,https://api.github.com/repos/microsoft/vscode-python/contributors
96,microsoft/vscode-python,brettcannon,"""2020-06-12T11:33:32Z""","""https://github.com/microsoft/vscode-python/issues/12313""","""Details on the A/B experiment removing `python.pythonPath` support""","""too heated""",46,3131.0,594.0,https://api.github.com/repos/microsoft/vscode-python/contributors
97,Monika-After-Story/MonikaModDev,multimokia,"""2021-09-05T00:18:41Z""","""https://github.com/Monika-After-Story/MonikaModDev/issues/7711""","""Four Years Later.""","""too heated""",24,2247.0,213.0,https://api.github.com/repos/Monika-After-Story/MonikaModDev/contributors
98,audacity/audacity,Tantacrul,"""2021-07-06T17:56:01Z""","""https://github.com/audacity/audacity/issues/1245""","""VOTING! For the new fork""","""too heated""",29,1343.0,3288.0,https://api.github.com/repos/audacity/audacity/contributors
99,golang/go,ianlancetaylor,"""2019-07-22T21:14:30Z""","""https://github.com/golang/go/issues/33232""","""spec: allow 'any' for 'interface{}' in non-constraint contexts""","""too heated""",87,10716.0,14994.0,https://api.github.com/repos/golang/go/contributors
100,strapi/strapi,alexandrebodin,"""2020-03-02T16:51:24Z""","""https://github.com/strapi/strapi/issues/5385""","""Can't create \""circular referencing\"" Content Type MongoDB""","""too heated""",4,2341.0,10481.0,https://api.github.com/repos/strapi/strapi/contributors
101,rms-open-letter/rms-open-letter.github.io,neilmcgovern,"""2021-03-23T20:08:16Z""","""https://github.com/rms-open-letter/rms-open-letter.github.io/issues/120""","""Expanding scope: revoking copyright assignments""","""too heated""",5,182.0,724.0,https://api.github.com/repos/rms-open-letter/rms-open-letter.github.io/contributors
102,courses-ionio/sw,epidrome,"""2020-02-13T09:35:54Z""","""https://github.com/courses-ionio/sw/issues/828""","""ŒëŒΩŒ±Œ∫ŒøŒπŒΩœéœÉŒµŒπœÇ""","""too heated""",9,24.0,15.0,https://api.github.com/repos/courses-ionio/sw/contributors
103,yogstation13/Yogstation,adamsong,"""2021-08-31T20:38:49Z""","""https://github.com/yogstation13/Yogstation/issues/12206""","""Non-Stealth Antags get a Sec HUD icon""","""too heated""",7,780.0,20.0,https://api.github.com/repos/yogstation13/Yogstation/contributors
104,SlimeKnights/TinkersConstruct,KnightMiner,"""2018-09-26T21:57:44Z""","""https://github.com/SlimeKnights/TinkersConstruct/issues/3651""","""Forge fix #4898 since build 2716 causes tconstruct-API to report errors in minecraft.log""","""too heated""",9,815.0,249.0,https://api.github.com/repos/SlimeKnights/TinkersConstruct/contributors
105,pmndrs/react-spring,joshuaellis,"""2021-03-23T16:55:35Z""","""https://github.com/pmndrs/react-spring/issues/1359""","""Set in [x, set] = useSpring(() => ({ ... })) is not callable""","""too heated""",11,485.0,3049.0,https://api.github.com/repos/pmndrs/react-spring/contributors
106,neovim/neovim,clason,"""2022-07-13T10:59:23Z""","""https://github.com/neovim/neovim/issues/19350""","""Tracking issue: treesitter highlighting""","""too heated""",4,2967.0,12645.0,https://api.github.com/repos/neovim/neovim/contributors
107,SevenTV/chatterino7,TroyKomodo,"""2021-07-26T14:18:27Z""","""https://github.com/SevenTV/chatterino7/issues/34""","""Will you please allow \""notify when online\"" notifications without login, or provide a 2.1.0 installer""","""too heated""",4,71.0,135.0,https://api.github.com/repos/SevenTV/chatterino7/contributors
108,WordPress/gutenberg,talldan,"""2021-08-26T09:56:38Z""","""https://github.com/WordPress/gutenberg/issues/34325""","""Consider moving wp-env project to own repository""","""too heated""",30,6143.0,1140.0,https://api.github.com/repos/WordPress/gutenberg/contributors
109,flutter/flutter,Hixie,"""2021-01-27T19:48:17Z""","""https://github.com/flutter/flutter/issues/74833""","""My app is slow or missing frames (metabug)""","""too heated""",4,25524.0,18727.0,https://api.github.com/repos/flutter/flutter/contributors
110,freeCodeCamp/freeCodeCamp,raisedadead,"""2022-10-07T09:47:10Z""","""https://github.com/freeCodeCamp/freeCodeCamp/issues/47891""","""Update front end demo project URL's""","""too heated""",8,1690.0,25499.0,https://api.github.com/repos/freeCodeCamp/freeCodeCamp/contributors
111,freeCodeCamp/freeCodeCamp,ojeytonwilliams,"""2022-10-12T18:34:57Z""","""https://github.com/freeCodeCamp/freeCodeCamp/issues/48011""","""Line goes against our challenge document in building a registration form project""","""too heated""",7,1690.0,25499.0,https://api.github.com/repos/freeCodeCamp/freeCodeCamp/contributors
112,doitsujin/dxvk,doitsujin,"""2021-12-23T20:20:27Z""","""https://github.com/doitsujin/dxvk/issues/2413""","""Unable to release video memory""","""too heated""",22,856.0,2252.0,https://api.github.com/repos/doitsujin/dxvk/contributors
113,AvaloniaUI/Avalonia,maxkatz6,"""2019-10-07T17:51:00Z""","""https://github.com/AvaloniaUI/Avalonia/issues/3079""","""PointerPressed captures pointers 1 pixel outside of the control""","""too heated""",4,1573.0,4028.0,https://api.github.com/repos/AvaloniaUI/Avalonia/contributors
114,Warzone2100/warzone2100,KJeff01,"""2022-10-21T23:10:25Z""","""https://github.com/Warzone2100/warzone2100/issues/2916""","""Balance proposal became a circuis""","""too heated""",8,291.0,435.0,https://api.github.com/repos/Warzone2100/warzone2100/contributors
115,saltstack/salt,Ch3LL,"""2019-09-17T08:58:08Z""","""https://github.com/saltstack/salt/issues/54508""","""mount.mounted does not handle blanks properly""","""too heated""",14,1586.0,974.0,https://api.github.com/repos/saltstack/salt/contributors
116,saltstack/salt,Ch3LL,"""2019-09-17T08:58:08Z""","""https://github.com/saltstack/salt/issues/54508""","""mount.mounted does not handle blanks properly""","""too heated""",14,1586.0,974.0,https://api.github.com/repos/saltstack/salt/contributors
117,libsdl-org/SDL,sezero,"""2022-05-30T13:37:36Z""","""https://github.com/libsdl-org/SDL/issues/5734""","""URL is miss leading""","""too heated""",5,1869.0,2370.0,https://api.github.com/repos/libsdl-org/SDL/contributors
118,anuraghazra/github-readme-stats,rickstaa,"""2022-10-04T12:42:18Z""","""https://github.com/anuraghazra/github-readme-stats/issues/2114""","""Maximum retries exceeded""","""too heated""",14,485.0,14732.0,https://api.github.com/repos/anuraghazra/github-readme-stats/contributors
119,space-wizards/space-station-14,moonheart08,"""2022-08-20T03:04:37Z""","""https://github.com/space-wizards/space-station-14/issues/10717""","""The eye damage filter makes me want to die""","""too heated""",9,3364.0,464.0,https://api.github.com/repos/space-wizards/space-station-14/contributors
120,johnsoncodehk/volar,johnsoncodehk,"""2022-07-29T02:02:36Z""","""https://github.com/johnsoncodehk/volar/issues/1648""","""The code hint is really slow in the.vue a slightly larger file, please fixÔºÅ""","""too heated""",4,2327.0,1951.0,https://api.github.com/repos/johnsoncodehk/volar/contributors
121,osmandapp/OsmAnd,vshcherb,"""2022-08-11T20:21:14Z""","""https://github.com/osmandapp/OsmAnd/issues/15058""","""No setting to disable: download sends unique user tracking UUID & number of days since install""","""too heated""",39,2704.0,547.0,https://api.github.com/repos/osmandapp/OsmAnd/contributors
122,anuraghazra/github-readme-stats,rickstaa,"""2022-05-19T10:33:47Z""","""https://github.com/anuraghazra/github-readme-stats/issues/1774""","""New tiny error url does not fit on card""","""too heated""",4,485.0,14732.0,https://api.github.com/repos/anuraghazra/github-readme-stats/contributors
123,anuraghazra/github-readme-stats,rickstaa,"""2022-05-18T10:53:07Z""","""https://github.com/anuraghazra/github-readme-stats/issues/1763""","""[Sever Problem] Maximum retries exceeded""","""too heated""",8,485.0,14732.0,https://api.github.com/repos/anuraghazra/github-readme-stats/contributors
124,umijs/umi,sorrycc,"""2021-06-23T07:53:48Z""","""https://github.com/umijs/umi/issues/6766""","""MFSU Why„ÄÅWhat„ÄÅHow and FAQ""","""too heated""",39,2384.0,1942.0,https://api.github.com/repos/umijs/umi/contributors
125,expressjs/express,dougwilson,"""2021-02-23T12:31:48Z""","""https://github.com/expressjs/express/issues/4535""","""Node.js 15+ starts recommending promise based versions by default - Express 5.0 and wrapAsync""","""too heated""",15,314.0,4842.0,https://api.github.com/repos/expressjs/express/contributors
126,MinecraftForge/MinecraftForge,LexManos,"""2022-01-30T03:09:04Z""","""https://github.com/MinecraftForge/MinecraftForge/issues/8438""","""Forge mod causing LuckPerm commands to not register in client""","""too heated""",8,630.0,916.0,https://api.github.com/repos/MinecraftForge/MinecraftForge/contributors
127,golang/go,rsc,"""2022-02-21T09:08:41Z""","""https://github.com/golang/go/issues/51295""","""proposal: encoding/base64: add Encoding.EncodeString to match DecodeString""","""too heated""",36,11763.0,15591.0,https://api.github.com/repos/golang/go/contributors
128,golang/go,ALTree,"""2022-02-20T09:58:45Z""","""https://github.com/golang/go/issues/51277""","""This is not true and the involved team member has lied, ruining my credibility and directly opposed himself by focusing on a tls.Conn object when he should know it requires type-assertion to a net.TCPConn object""","""too heated""",11,11763.0,15591.0,https://api.github.com/repos/golang/go/contributors
129,libretro/RetroArch,LibretroAdmin,"""2020-05-29T08:16:02Z""","""https://github.com/libretro/RetroArch/issues/10731""","""Are u crazy? How did u make so unusable bloatwared software? Its possible to be simple, wtf do u do?""","""too heated""",5,1227.0,1419.0,https://api.github.com/repos/libretro/RetroArch/contributors
130,hashicorp/terraform,jbardin,"""2021-05-25T10:52:11Z""","""https://github.com/hashicorp/terraform/issues/28803""","""A way to hide certain expected changes from the \""refresh\"" report (\""Objects have changed outside of Terraform\"")""","""too heated""",91,2371.0,5324.0,https://api.github.com/repos/hashicorp/terraform/contributors
131,angular/angular,JoostK,"""2020-07-08T01:25:12Z""","""https://github.com/angular/angular/issues/37963""","""Rename the \""master\"" branch to avoid problematic terminology""","""too heated""",7,3077.0,9484.0,https://api.github.com/repos/angular/angular/contributors
132,Rapptz/discord.py,Rapptz,"""2020-12-10T20:01:44Z""","""https://github.com/Rapptz/discord.py/issues/6149""","""Support slash commands""","""too heated""",12,1057.0,3277.0,https://api.github.com/repos/Rapptz/discord.py/contributors
133,tailscale/tailscale,mayakacz,"""2021-12-11T00:08:19Z""","""https://github.com/tailscale/tailscale/issues/3550""","""Security vulnerability in log4j 2 (CVE-2021-44228)""","""too heated""",5,2625.0,3898.0,https://api.github.com/repos/tailscale/tailscale/contributors
134,netbox-community/netbox,kkthxbye-code,"""2022-09-11T23:44:26Z""","""https://github.com/netbox-community/netbox/issues/10324""","""Ability to add custom fields to device templates and module templates""","""too heated""",9,2775.0,2380.0,https://api.github.com/repos/netbox-community/netbox/contributors
135,Monika-After-Story/MonikaModDev,Booplicate,"""2022-10-30T12:30:18Z""","""https://github.com/Monika-After-Story/MonikaModDev/issues/9699""","""I really think we should ask the player for permission to delete other chr files.""","""too heated""",19,1202.0,166.0,https://api.github.com/repos/Monika-After-Story/MonikaModDev/contributors
136,OpenRA/OpenRA,Mailaender,"""2020-06-05T07:07:35Z""","""https://github.com/OpenRA/OpenRA/issues/18235""","""Replace the refinery with the \""ERCC\"" refinery in the standard game""","""too heated""",16,543.0,2110.0,https://api.github.com/repos/OpenRA/OpenRA/contributors
137,GTNewHorizons/GT-New-Horizons-Modpack,Dream-Master,"""2022-02-12T20:20:30Z""","""https://github.com/GTNewHorizons/GT-New-Horizons-Modpack/issues/9732""","""Allow OP users to bypass ME security""","""too heated""",12,4868.0,178.0,https://api.github.com/repos/GTNewHorizons/GT-New-Horizons-Modpack/contributors
138,vercel/next.js,padmaia,"""2022-03-28T12:01:59Z""","""https://github.com/vercel/next.js/issues/35657""","""[v12.1.1] Multi-line comment at the start of return of the render function breaks app (Minified React error #152)""","""too heated""",7,5183.0,21818.0,https://api.github.com/repos/vercel/next.js/contributors
139,sveltejs/kit,Rich-Harris,"""2022-04-12T14:06:12Z""","""https://github.com/sveltejs/kit/issues/4594""","""Color adjustment asap please - Docs""","""too heated""",9,3866.0,6225.0,https://api.github.com/repos/sveltejs/kit/contributors
140,encode/uvicorn,Kludex,"""2022-05-25T12:36:51Z""","""https://github.com/encode/uvicorn/issues/1501""","""Gracefully handle HTTP/2 upgrade request""","""too heated""",7,173.0,1307.0,https://api.github.com/repos/encode/uvicorn/contributors
141,vector-im/element-web,t3chguy,"""2019-04-23T17:24:34Z""","""https://github.com/vector-im/element-web/issues/9547""","""Rename 'kick' as 'remove from chat'""","""too heated""",7,6436.0,1780.0,https://api.github.com/repos/vector-im/element-web/contributors
142,qbittorrent/qBittorrent,Chocobo1,"""2015-07-07T22:32:11Z""","""https://github.com/qbittorrent/qBittorrent/issues/3369""","""File extension filter""","""too heated""",33,2812.0,4921.0,https://api.github.com/repos/qbittorrent/qBittorrent/contributors
143,python/mypy,ilevkivskyi,"""2015-07-30T14:30:22Z""","""https://github.com/python/mypy/issues/731""","""Support recursive types""","""too heated""",79,2502.0,2429.0,https://api.github.com/repos/python/mypy/contributors
144,microsoft/vscode-python,karrtikr,"""2019-12-24T11:54:51Z""","""https://github.com/microsoft/vscode-python/issues/9284""","""Editor context menu actions feedback""","""too heated""",5,2687.0,435.0,https://api.github.com/repos/microsoft/vscode-python/contributors
145,JuliaPlots/Plots.jl,t-bltg,"""2022-12-15T11:46:58Z""","""https://github.com/JuliaPlots/Plots.jl/issues/4597""","""[BUG] RecipesBase and RecipesPipeline fail to precompile""","""too heated""",15,548.0,261.0,https://api.github.com/repos/JuliaPlots/Plots.jl/contributors
146,expo/expo,byCedric,"""2022-08-07T20:44:42Z""","""https://github.com/expo/expo/issues/18554""","""MapView from React-Native-Maps appears as a grey block on Android""","""too heated""",24,4320.0,3132.0,https://api.github.com/repos/expo/expo/contributors
147,expo/expo,byCedric,"""2022-08-07T20:44:42Z""","""https://github.com/expo/expo/issues/18554""","""MapView from React-Native-Maps appears as a grey block on Android""","""too heated""",24,4320.0,3132.0,https://api.github.com/repos/expo/expo/contributors
148,expo/expo,byCedric,"""2022-08-07T20:44:42Z""","""https://github.com/expo/expo/issues/18554""","""MapView from React-Native-Maps appears as a grey block on Android""","""too heated""",25,4320.0,3132.0,https://api.github.com/repos/expo/expo/contributors
149,PowerDNS-Admin/PowerDNS-Admin,jbe-dw,"""2021-10-26T21:28:04Z""","""https://github.com/PowerDNS-Admin/PowerDNS-Admin/issues/1032""","""Updates & Looking for maintainers""","""too heated""",4,380.0,380.0,https://api.github.com/repos/PowerDNS-Admin/PowerDNS-Admin/contributors
150,exercism/python,BethanyG,"""2022-07-05T16:54:37Z""","""https://github.com/exercism/python/issues/3132""","""[Ghost Gobble Arcade Game]: Stub Notes are Confusing""","""too heated""",23,302.0,249.0,https://api.github.com/repos/exercism/python/contributors
151,laravel/framework,driesvints,"""2022-11-23T10:36:33Z""","""https://github.com/laravel/framework/issues/45058""","""Laravel 9. Migration Silently Fails with SQLite when Dropping and Adding a Column in the Same Modification ""","""too heated""",4,2134.0,3286.0,https://api.github.com/repos/laravel/framework/contributors
152,WedgeServer/wedge,lol768,"""2017-09-13T14:44:31Z""","""https://github.com/WedgeServer/wedge/issues/2""","""Trademark violation""","""too heated""",28,2.0,,https://api.github.com/repos/WedgeServer/wedge/contributors
153,WedgeServer/wedge,lol768,"""2017-09-13T14:44:31Z""","""https://github.com/WedgeServer/wedge/issues/2""","""Trademark violation""","""too heated""",27,2.0,,https://api.github.com/repos/WedgeServer/wedge/contributors
154,rustdesk/rustdesk,rustdesk,"""2021-07-23T09:56:00Z""","""https://github.com/rustdesk/rustdesk/issues/175""","""Add Linux ARM support""","""too heated""",39,1446.0,20897.0,https://api.github.com/repos/rustdesk/rustdesk/contributors
155,rustdesk/rustdesk,rustdesk,"""2021-07-23T09:56:00Z""","""https://github.com/rustdesk/rustdesk/issues/175""","""Add Linux ARM support""","""too heated""",38,1446.0,20897.0,https://api.github.com/repos/rustdesk/rustdesk/contributors
156,nextcloud/server,nickvergessen,"""2017-02-23T10:45:06Z""","""https://github.com/nextcloud/server/issues/3596""","""Email notifications for pending upgrades""","""too heated""",31,3004.0,3652.0,https://api.github.com/repos/nextcloud/server/contributors
157,nextcloud/server,nickvergessen,"""2020-09-25T12:45:59Z""","""https://github.com/nextcloud/server/issues/23046""","""[Files sharing] Log message: \""/appinfo/app.php is deprecated\""""","""too heated""",35,3004.0,3652.0,https://api.github.com/repos/nextcloud/server/contributors
158,microsoft/vscode,joaomoreno,"""2022-10-17T00:44:22Z""","""https://github.com/microsoft/vscode/issues/163798""","""vscode Have you started charging? ""","""too heated""",183,43362.0,18163.0,https://api.github.com/repos/microsoft/vscode/contributors
159,microsoft/vscode,isidorn,"""2018-02-03T16:12:05Z""","""https://github.com/microsoft/vscode/issues/42890""","""Marketplace: searching by an extension's name is practically broken""","""too heated""",46,43362.0,18163.0,https://api.github.com/repos/microsoft/vscode/contributors
160,ansible/ansible,ansibot,"""2017-12-28T22:12:37Z""","""https://github.com/ansible/ansible/issues/34281""","""Conditionally import_playbook aka include_playbook""","""too heated""",44,2277.0,5474.0,https://api.github.com/repos/ansible/ansible/contributors
161,ansible/ansible,jborean93,"""2022-03-04T06:25:47Z""","""https://github.com/ansible/ansible/issues/77204""","""Documentation: you changed URLs but are not using redirects, generating 404s - why?""","""too heated""",4,2277.0,5474.0,https://api.github.com/repos/ansible/ansible/contributors
162,ansible/ansible,nitzmahone,"""2017-06-28T16:50:58Z""","""https://github.com/ansible/ansible/issues/26190""","""Allow decrypting of files with vaulted variables""","""too heated""",37,2277.0,5474.0,https://api.github.com/repos/ansible/ansible/contributors
163,flatpak/xdg-desktop-portal,GeorgesStavracas,"""2021-10-16T02:58:26Z""","""https://github.com/flatpak/xdg-desktop-portal/issues/649""","""Screenshot portal without prompt""","""too heated""",26,162.0,157.0,https://api.github.com/repos/flatpak/xdg-desktop-portal/contributors
164,flatpak/xdg-desktop-portal,GeorgesStavracas,"""2021-10-16T02:58:26Z""","""https://github.com/flatpak/xdg-desktop-portal/issues/649""","""Screenshot portal without prompt""","""too heated""",26,162.0,157.0,https://api.github.com/repos/flatpak/xdg-desktop-portal/contributors
165,opnsense/core,fichtner,"""2022-01-03T05:31:54Z""","""https://github.com/opnsense/core/issues/5453""","""radvd does not start up with 22.1""","""too heated""",23,1081.0,415.0,https://api.github.com/repos/opnsense/core/contributors
166,nodejs/node,aduh95,"""2020-06-13T17:41:50Z""","""https://github.com/nodejs/node/issues/33864""","""Rename default branch from \""master\"" to \""main\""""","""too heated""",121,2612.0,10103.0,https://api.github.com/repos/nodejs/node/contributors
167,nodejs/node,Trott,"""2021-05-06T18:48:22Z""","""https://github.com/nodejs/node/issues/38573""","""Rename Node-API to something less confusing/misleading""","""too heated""",4,2612.0,10103.0,https://api.github.com/repos/nodejs/node/contributors
168,Cog-Creators/Red-DiscordBot,jack1142,"""2022-08-12T01:57:57Z""","""https://github.com/Cog-Creators/Red-DiscordBot/issues/5819""","""Audio Track Playback Issue""","""too heated""",11,193.0,952.0,https://api.github.com/repos/Cog-Creators/Red-DiscordBot/contributors
169,PCSX2/pcsx2,refractionpcsx2,"""2021-06-08T01:13:24Z""","""https://github.com/PCSX2/pcsx2/issues/4485""","""[BUG] God of War 1 - FMV bug after 1.4.0""","""too heated""",26,1702.0,1939.0,https://api.github.com/repos/PCSX2/pcsx2/contributors
170,PCSX2/pcsx2,lightningterror,"""2022-10-12T15:22:16Z""","""https://github.com/PCSX2/pcsx2/issues/7180""","""[BUG]: Integer upscaling disables bilinear filtering, but bilinear filtering can still be used.""","""too heated""",9,1702.0,1939.0,https://api.github.com/repos/PCSX2/pcsx2/contributors
171,kubernetes/website,sftim,"""2022-05-20T08:14:16Z""","""https://github.com/kubernetes/website/issues/33848""","""Link to CNCF contributor guide""","""too heated""",44,3304.0,1321.0,https://api.github.com/repos/kubernetes/website/contributors
172,kubernetes/website,natalisucks,"""2022-05-20T08:14:16Z""","""https://github.com/kubernetes/website/issues/33848""","""Link to CNCF contributor guide""","""too heated""",44,3304.0,1321.0,https://api.github.com/repos/kubernetes/website/contributors
173,HandBrake/HandBrake,sr55,"""2018-08-08T16:19:15Z""","""https://github.com/HandBrake/HandBrake/issues/1527""","""HE-AAC support for Linux and Windows""","""too heated""",21,974.0,2603.0,https://api.github.com/repos/HandBrake/HandBrake/contributors
174,hashicorp/nomad,shoenig,"""2019-09-26T12:58:51Z""","""https://github.com/hashicorp/nomad/issues/6385""","""iptables entries are not reconciled""","""too heated""",18,1650.0,2696.0,https://api.github.com/repos/hashicorp/nomad/contributors
175,citizenfx/fivem,blattersturm,"""2022-03-30T16:07:46Z""","""https://github.com/citizenfx/fivem/issues/1356""","""! Exploit crashing players on every server""","""too heated""",16,568.0,549.0,https://api.github.com/repos/citizenfx/fivem/contributors
176,zammad/zammad,zammad-sync,"""2022-12-16T11:53:58Z""","""https://github.com/zammad/zammad/issues/4431""","""Missing rake task to fix json values migrated from maria/mysql to postgres""","""too heated""",12,913.0,458.0,https://api.github.com/repos/zammad/zammad/contributors
177,EbookFoundation/free-programming-books,davorpa,"""2021-11-03T10:28:56Z""","""https://github.com/EbookFoundation/free-programming-books/issues/6590""","""docs: Homogenize governance (CoC, CONTRIBUTING & HOWTO) across files""","""too heated""",9,432.0,44771.0,https://api.github.com/repos/EbookFoundation/free-programming-books/contributors
178,EbookFoundation/free-programming-books,davorpa,"""2020-11-20T23:16:43Z""","""https://github.com/EbookFoundation/free-programming-books/issues/5176""","""Screen cast mark up look strange on the site""","""too heated""",9,432.0,44771.0,https://api.github.com/repos/EbookFoundation/free-programming-books/contributors
179,EbookFoundation/free-programming-books,eshellman,"""2020-11-20T23:16:43Z""","""https://github.com/EbookFoundation/free-programming-books/issues/5176""","""Mark up look strange on the site when using pipes `|`""","""too heated""",9,432.0,44771.0,https://api.github.com/repos/EbookFoundation/free-programming-books/contributors
180,strapi/strapi,derrickmehaffy,"""2019-06-07T10:17:02Z""","""https://github.com/strapi/strapi/issues/3399""","""Administrator model customization""","""too heated""",25,2952.0,9678.0,https://api.github.com/repos/strapi/strapi/contributors
181,strapi/strapi,derrickmehaffy,"""2018-12-23T05:03:40Z""","""https://github.com/strapi/strapi/issues/2527""","""Support for GeoJSON Content Type ""","""too heated""",21,2952.0,9678.0,https://api.github.com/repos/strapi/strapi/contributors
182,strapi/strapi,derrickmehaffy,"""2020-01-02T11:29:06Z""","""https://github.com/strapi/strapi/issues/4878""","""I can't access custom field from from users/me via GraphQL""","""too heated""",24,2952.0,9678.0,https://api.github.com/repos/strapi/strapi/contributors
183,strapi/strapi,derrickmehaffy,"""2019-02-07T11:05:41Z""","""https://github.com/strapi/strapi/issues/2784""","""Add auto increment option to the model attributes""","""too heated""",10,2952.0,9678.0,https://api.github.com/repos/strapi/strapi/contributors
184,strapi/strapi,derrickmehaffy,"""2019-11-18T11:31:42Z""","""https://github.com/strapi/strapi/issues/4547""","""Enable findOne by unique fields GraphQL""","""too heated""",11,2952.0,9678.0,https://api.github.com/repos/strapi/strapi/contributors
185,termux/termux-packages,xtkoba,"""2021-07-26T17:22:34Z""","""https://github.com/termux/termux-packages/issues/10226""","""Mesa: glxgears crashes on 32bit ARM devices""","""too heated""",74,3838.0,2879.0,https://api.github.com/repos/termux/termux-packages/contributors
